date,value_raw,value_standardized,country,country_code,source_provider,source_url,COUNTRY,INDICATOR,UNIT,FREQUENCY
2010-01-01,316742580000.0,316742.58,argentina,ARG,imf,https://api.imf.org/external/sdmx/2.1/data/MFS_MA/ARG.BM_MAI.XDC.M?detail=full&startPeriod=2000-01,ARG,BM_MAI,XDC,M
2010-02-01,317642502000.0,317642.502,argentina,ARG,imf,https://api.imf.org/external/sdmx/2.1/data/MFS_MA/ARG.BM_MAI.XDC.M?detail=full&startPeriod=2000-01,ARG,BM_MAI,XDC,M
2010-03-01,322533042000.0,322533.042,argentina,ARG,imf,https://api.imf.org/external/sdmx/2.1/data/MFS_MA/ARG.BM_MAI.XDC.M?detail=full&startPeriod=2000-01,ARG,BM_MAI,XDC,M
2010-04-01,330570545000.0,330570.545,argentina,ARG,imf,https://api.imf.org/external/sdmx/2.1/data/MFS_MA/ARG.BM_MAI.XDC.M?detail=full&startPeriod=2000-01,ARG,BM_MAI,XDC,M
2010-05-01,337907223000.0,337907.223,argentina,ARG,imf,https://api.imf.org/external/sdmx/2.1/data/MFS_MA/ARG.BM_MAI.XDC.M?detail=full&startPeriod=2000-01,ARG,BM_MAI,XDC,M
2010-06-01,352581540000.0,352581.54,argentina,ARG,imf,https://api.imf.org/external/sdmx/2.1/data/MFS_MA/ARG.BM_MAI.XDC.M?detail=full&startPeriod=2000-01,ARG,BM_MAI,XDC,M
2010-07-01,361090276000.0,361090.276,argentina,ARG,imf,https://api.imf.org/external/sdmx/2.1/data/MFS_MA/ARG.BM_MAI.XDC.M?detail=full&startPeriod=2000-01,ARG,BM_MAI,XDC,M
2010-08-01,368723247000.0,368723.247,argentina,ARG,imf,https://api.imf.org/external/sdmx/2.1/data/MFS_MA/ARG.BM_MAI.XDC.M?detail=full&startPeriod=2000-01,ARG,BM_MAI,XDC,M
2010-09-01,380099644000.0,380099.644,argentina,ARG,imf,https://api.imf.org/external/sdmx/2.1/data/MFS_MA/ARG.BM_MAI.XDC.M?detail=full&startPeriod=2000-01,ARG,BM_MAI,XDC,M
2010-10-01,388152384000.0,388152.384,argentina,ARG,imf,https://api.imf.org/external/sdmx/2.1/data/MFS_MA/ARG.BM_MAI.XDC.M?detail=full&startPeriod=2000-01,ARG,BM_MAI,XDC,M
2010-11-01,397940058000.0,397940.058,argentina,ARG,imf,https://api.imf.org/external/sdmx/2.1/data/MFS_MA/ARG.BM_MAI.XDC.M?detail=full&startPeriod=2000-01,ARG,BM_MAI,XDC,M
2010-12-01,422751817000.0,422751.817,argentina,ARG,imf,https://api.imf.org/external/sdmx/2.1/data/MFS_MA/ARG.BM_MAI.XDC.M?detail=full&startPeriod=2000-01,ARG,BM_MAI,XDC,M
2011-01-01,426198862000.0,426198.862,argentina,ARG,imf,https://api.imf.org/external/sdmx/2.1/data/MFS_MA/ARG.BM_MAI.XDC.M?detail=full&startPeriod=2000-01,ARG,BM_MAI,XDC,M
2011-02-01,432670031000.0,432670.031,argentina,ARG,imf,https://api.imf.org/external/sdmx/2.1/data/MFS_MA/ARG.BM_MAI.XDC.M?detail=full&startPeriod=2000-01,ARG,BM_MAI,XDC,M
2011-03-01,439971034000.0,439971.034,argentina,ARG,imf,https://api.imf.org/external/sdmx/2.1/data/MFS_MA/ARG.BM_MAI.XDC.M?detail=full&startPeriod=2000-01,ARG,BM_MAI,XDC,M
2011-04-01,451667863000.0,451667.863,argentina,ARG,imf,https://api.imf.org/external/sdmx/2.1/data/MFS_MA/ARG.BM_MAI.XDC.M?detail=full&startPeriod=2000-01,ARG,BM_MAI,XDC,M
2011-05-01,460344121000.0,460344.121,argentina,ARG,imf,https://api.imf.org/external/sdmx/2.1/data/MFS_MA/ARG.BM_MAI.XDC.M?detail=full&startPeriod=2000-01,ARG,BM_MAI,XDC,M
2011-06-01,479629904000.0,479629.904,argentina,ARG,imf,https://api.imf.org/external/sdmx/2.1/data/MFS_MA/ARG.BM_MAI.XDC.M?detail=full&startPeriod=2000-01,ARG,BM_MAI,XDC,M
2011-07-01,489726708000.0,489726.708,argentina,ARG,imf,https://api.imf.org/external/sdmx/2.1/data/MFS_MA/ARG.BM_MAI.XDC.M?detail=full&startPeriod=2000-01,ARG,BM_MAI,XDC,M
2011-08-01,494945520000.0,494945.52,argentina,ARG,imf,https://api.imf.org/external/sdmx/2.1/data/MFS_MA/ARG.BM_MAI.XDC.M?detail=full&startPeriod=2000-01,ARG,BM_MAI,XDC,M
2011-09-01,499928762000.0,499928.762,argentina,ARG,imf,https://api.imf.org/external/sdmx/2.1/data/MFS_MA/ARG.BM_MAI.XDC.M?detail=full&startPeriod=2000-01,ARG,BM_MAI,XDC,M
2011-10-01,506055327000.0,506055.327,argentina,ARG,imf,https://api.imf.org/external/sdmx/2.1/data/MFS_MA/ARG.BM_MAI.XDC.M?detail=full&startPeriod=2000-01,ARG,BM_MAI,XDC,M
2011-11-01,503876813000.0,503876.813,argentina,ARG,imf,https://api.imf.org/external/sdmx/2.1/data/MFS_MA/ARG.BM_MAI.XDC.M?detail=full&startPeriod=2000-01,ARG,BM_MAI,XDC,M
2011-12-01,531401310000.0,531401.31,argentina,ARG,imf,https://api.imf.org/external/sdmx/2.1/data/MFS_MA/ARG.BM_MAI.XDC.M?detail=full&startPeriod=2000-01,ARG,BM_MAI,XDC,M
2012-01-01,535835361000.0,535835.361,argentina,ARG,imf,https://api.imf.org/external/sdmx/2.1/data/MFS_MA/ARG.BM_MAI.XDC.M?detail=full&startPeriod=2000-01,ARG,BM_MAI,XDC,M
2012-02-01,543274032000.0,543274.032,argentina,ARG,imf,https://api.imf.org/external/sdmx/2.1/data/MFS_MA/ARG.BM_MAI.XDC.M?detail=full&startPeriod=2000-01,ARG,BM_MAI,XDC,M
2012-03-01,557134418000.0,557134.418,argentina,ARG,imf,https://api.imf.org/external/sdmx/2.1/data/MFS_MA/ARG.BM_MAI.XDC.M?detail=full&startPeriod=2000-01,ARG,BM_MAI,XDC,M
2012-04-01,572420261000.0,572420.261,argentina,ARG,imf,https://api.imf.org/external/sdmx/2.1/data/MFS_MA/ARG.BM_MAI.XDC.M?detail=full&startPeriod=2000-01,ARG,BM_MAI,XDC,M
2012-05-01,582839716000.0,582839.716,argentina,ARG,imf,https://api.imf.org/external/sdmx/2.1/data/MFS_MA/ARG.BM_MAI.XDC.M?detail=full&startPeriod=2000-01,ARG,BM_MAI,XDC,M
2012-06-01,603567347000.0,603567.347,argentina,ARG,imf,https://api.imf.org/external/sdmx/2.1/data/MFS_MA/ARG.BM_MAI.XDC.M?detail=full&startPeriod=2000-01,ARG,BM_MAI,XDC,M
2012-07-01,615160621000.0,615160.621,argentina,ARG,imf,https://api.imf.org/external/sdmx/2.1/data/MFS_MA/ARG.BM_MAI.XDC.M?detail=full&startPeriod=2000-01,ARG,BM_MAI,XDC,M
2012-08-01,627418062000.0,627418.062,argentina,ARG,imf,https://api.imf.org/external/sdmx/2.1/data/MFS_MA/ARG.BM_MAI.XDC.M?detail=full&startPeriod=2000-01,ARG,BM_MAI,XDC,M
2012-09-01,639537519000.0,639537.519,argentina,ARG,imf,https://api.imf.org/external/sdmx/2.1/data/MFS_MA/ARG.BM_MAI.XDC.M?detail=full&startPeriod=2000-01,ARG,BM_MAI,XDC,M
2012-10-01,654327015000.0,654327.015,argentina,ARG,imf,https://api.imf.org/external/sdmx/2.1/data/MFS_MA/ARG.BM_MAI.XDC.M?detail=full&startPeriod=2000-01,ARG,BM_MAI,XDC,M
2012-11-01,670946027000.0,670946.027,argentina,ARG,imf,https://api.imf.org/external/sdmx/2.1/data/MFS_MA/ARG.BM_MAI.XDC.M?detail=full&startPeriod=2000-01,ARG,BM_MAI,XDC,M
2012-12-01,716870110000.0,716870.11,argentina,ARG,imf,https://api.imf.org/external/sdmx/2.1/data/MFS_MA/ARG.BM_MAI.XDC.M?detail=full&startPeriod=2000-01,ARG,BM_MAI,XDC,M
2013-01-01,716431045000.0,716431.045,argentina,ARG,imf,https://api.imf.org/external/sdmx/2.1/data/MFS_MA/ARG.BM_MAI.XDC.M?detail=full&startPeriod=2000-01,ARG,BM_MAI,XDC,M
2013-02-01,720388752000.0,720388.752,argentina,ARG,imf,https://api.imf.org/external/sdmx/2.1/data/MFS_MA/ARG.BM_MAI.XDC.M?detail=full&startPeriod=2000-01,ARG,BM_MAI,XDC,M
2013-03-01,734472234000.0,734472.234,argentina,ARG,imf,https://api.imf.org/external/sdmx/2.1/data/MFS_MA/ARG.BM_MAI.XDC.M?detail=full&startPeriod=2000-01,ARG,BM_MAI,XDC,M
2013-04-01,747020886000.0,747020.886,argentina,ARG,imf,https://api.imf.org/external/sdmx/2.1/data/MFS_MA/ARG.BM_MAI.XDC.M?detail=full&startPeriod=2000-01,ARG,BM_MAI,XDC,M
2013-05-01,761478186000.0,761478.186,argentina,ARG,imf,https://api.imf.org/external/sdmx/2.1/data/MFS_MA/ARG.BM_MAI.XDC.M?detail=full&startPeriod=2000-01,ARG,BM_MAI,XDC,M
2013-06-01,795203255000.0,795203.255,argentina,ARG,imf,https://api.imf.org/external/sdmx/2.1/data/MFS_MA/ARG.BM_MAI.XDC.M?detail=full&startPeriod=2000-01,ARG,BM_MAI,XDC,M
2013-07-01,807576316000.0,807576.316,argentina,ARG,imf,https://api.imf.org/external/sdmx/2.1/data/MFS_MA/ARG.BM_MAI.XDC.M?detail=full&startPeriod=2000-01,ARG,BM_MAI,XDC,M
2013-08-01,821575107000.0,821575.107,argentina,ARG,imf,https://api.imf.org/external/sdmx/2.1/data/MFS_MA/ARG.BM_MAI.XDC.M?detail=full&startPeriod=2000-01,ARG,BM_MAI,XDC,M
2013-09-01,843486533000.0,843486.533,argentina,ARG,imf,https://api.imf.org/external/sdmx/2.1/data/MFS_MA/ARG.BM_MAI.XDC.M?detail=full&startPeriod=2000-01,ARG,BM_MAI,XDC,M
2013-10-01,855152700000.0,855152.7,argentina,ARG,imf,https://api.imf.org/external/sdmx/2.1/data/MFS_MA/ARG.BM_MAI.XDC.M?detail=full&startPeriod=2000-01,ARG,BM_MAI,XDC,M
2013-11-01,866939334000.0,866939.334,argentina,ARG,imf,https://api.imf.org/external/sdmx/2.1/data/MFS_MA/ARG.BM_MAI.XDC.M?detail=full&startPeriod=2000-01,ARG,BM_MAI,XDC,M
2013-12-01,910614093000.0,910614.093,argentina,ARG,imf,https://api.imf.org/external/sdmx/2.1/data/MFS_MA/ARG.BM_MAI.XDC.M?detail=full&startPeriod=2000-01,ARG,BM_MAI,XDC,M
2014-01-01,914201470000.0,914201.47,argentina,ARG,imf,https://api.imf.org/external/sdmx/2.1/data/MFS_MA/ARG.BM_MAI.XDC.M?detail=full&startPeriod=2000-01,ARG,BM_MAI,XDC,M
2014-02-01,919328459000.0,919328.459,argentina,ARG,imf,https://api.imf.org/external/sdmx/2.1/data/MFS_MA/ARG.BM_MAI.XDC.M?detail=full&startPeriod=2000-01,ARG,BM_MAI,XDC,M
2014-03-01,930315002000.0,930315.002,argentina,ARG,imf,https://api.imf.org/external/sdmx/2.1/data/MFS_MA/ARG.BM_MAI.XDC.M?detail=full&startPeriod=2000-01,ARG,BM_MAI,XDC,M
2014-04-01,949917817000.0,949917.817,argentina,ARG,imf,https://api.imf.org/external/sdmx/2.1/data/MFS_MA/ARG.BM_MAI.XDC.M?detail=full&startPeriod=2000-01,ARG,BM_MAI,XDC,M
2014-05-01,973304914000.0,973304.914,argentina,ARG,imf,https://api.imf.org/external/sdmx/2.1/data/MFS_MA/ARG.BM_MAI.XDC.M?detail=full&startPeriod=2000-01,ARG,BM_MAI,XDC,M
2014-06-01,1014376584000.0,1014376.584,argentina,ARG,imf,https://api.imf.org/external/sdmx/2.1/data/MFS_MA/ARG.BM_MAI.XDC.M?detail=full&startPeriod=2000-01,ARG,BM_MAI,XDC,M
2014-07-01,1034299493000.0,1034299.493,argentina,ARG,imf,https://api.imf.org/external/sdmx/2.1/data/MFS_MA/ARG.BM_MAI.XDC.M?detail=full&startPeriod=2000-01,ARG,BM_MAI,XDC,M
2014-08-01,1054637328000.0,1054637.328,argentina,ARG,imf,https://api.imf.org/external/sdmx/2.1/data/MFS_MA/ARG.BM_MAI.XDC.M?detail=full&startPeriod=2000-01,ARG,BM_MAI,XDC,M
2014-09-01,1074305201000.0,1074305.201,argentina,ARG,imf,https://api.imf.org/external/sdmx/2.1/data/MFS_MA/ARG.BM_MAI.XDC.M?detail=full&startPeriod=2000-01,ARG,BM_MAI,XDC,M
2014-10-01,1087957173000.0,1087957.173,argentina,ARG,imf,https://api.imf.org/external/sdmx/2.1/data/MFS_MA/ARG.BM_MAI.XDC.M?detail=full&startPeriod=2000-01,ARG,BM_MAI,XDC,M
2014-11-01,1112224294000.0,1112224.294,argentina,ARG,imf,https://api.imf.org/external/sdmx/2.1/data/MFS_MA/ARG.BM_MAI.XDC.M?detail=full&startPeriod=2000-01,ARG,BM_MAI,XDC,M
2014-12-01,1182398044000.0,1182398.044,argentina,ARG,imf,https://api.imf.org/external/sdmx/2.1/data/MFS_MA/ARG.BM_MAI.XDC.M?detail=full&startPeriod=2000-01,ARG,BM_MAI,XDC,M
2015-01-01,1179442707000.0,1179442.707,argentina,ARG,imf,https://api.imf.org/external/sdmx/2.1/data/MFS_MA/ARG.BM_MAI.XDC.M?detail=full&startPeriod=2000-01,ARG,BM_MAI,XDC,M
2015-02-01,1208958348000.0,1208958.348,argentina,ARG,imf,https://api.imf.org/external/sdmx/2.1/data/MFS_MA/ARG.BM_MAI.XDC.M?detail=full&startPeriod=2000-01,ARG,BM_MAI,XDC,M
2015-03-01,1244065226000.0,1244065.226,argentina,ARG,imf,https://api.imf.org/external/sdmx/2.1/data/MFS_MA/ARG.BM_MAI.XDC.M?detail=full&startPeriod=2000-01,ARG,BM_MAI,XDC,M
2015-04-01,1286873610000.0,1286873.61,argentina,ARG,imf,https://api.imf.org/external/sdmx/2.1/data/MFS_MA/ARG.BM_MAI.XDC.M?detail=full&startPeriod=2000-01,ARG,BM_MAI,XDC,M
2015-05-01,1318005845000.0,1318005.845,argentina,ARG,imf,https://api.imf.org/external/sdmx/2.1/data/MFS_MA/ARG.BM_MAI.XDC.M?detail=full&startPeriod=2000-01,ARG,BM_MAI,XDC,M
2015-06-01,1389898750000.0,1389898.75,argentina,ARG,imf,https://api.imf.org/external/sdmx/2.1/data/MFS_MA/ARG.BM_MAI.XDC.M?detail=full&startPeriod=2000-01,ARG,BM_MAI,XDC,M
2015-07-01,1417790199000.0,1417790.199,argentina,ARG,imf,https://api.imf.org/external/sdmx/2.1/data/MFS_MA/ARG.BM_MAI.XDC.M?detail=full&startPeriod=2000-01,ARG,BM_MAI,XDC,M
2015-08-01,1433340628000.0,1433340.628,argentina,ARG,imf,https://api.imf.org/external/sdmx/2.1/data/MFS_MA/ARG.BM_MAI.XDC.M?detail=full&startPeriod=2000-01,ARG,BM_MAI,XDC,M
2015-09-01,1465827256000.0,1465827.256,argentina,ARG,imf,https://api.imf.org/external/sdmx/2.1/data/MFS_MA/ARG.BM_MAI.XDC.M?detail=full&startPeriod=2000-01,ARG,BM_MAI,XDC,M
2015-10-01,1488129106000.0,1488129.106,argentina,ARG,imf,https://api.imf.org/external/sdmx/2.1/data/MFS_MA/ARG.BM_MAI.XDC.M?detail=full&startPeriod=2000-01,ARG,BM_MAI,XDC,M
2015-11-01,1522056711000.0,1522056.711,argentina,ARG,imf,https://api.imf.org/external/sdmx/2.1/data/MFS_MA/ARG.BM_MAI.XDC.M?detail=full&startPeriod=2000-01,ARG,BM_MAI,XDC,M
2015-12-01,1648856767000.0,1648856.767,argentina,ARG,imf,https://api.imf.org/external/sdmx/2.1/data/MFS_MA/ARG.BM_MAI.XDC.M?detail=full&startPeriod=2000-01,ARG,BM_MAI,XDC,M
2016-01-01,1663306355000.0,1663306.355,argentina,ARG,imf,https://api.imf.org/external/sdmx/2.1/data/MFS_MA/ARG.BM_MAI.XDC.M?detail=full&startPeriod=2000-01,ARG,BM_MAI,XDC,M
2016-02-01,1701027678000.0,1701027.678,argentina,ARG,imf,https://api.imf.org/external/sdmx/2.1/data/MFS_MA/ARG.BM_MAI.XDC.M?detail=full&startPeriod=2000-01,ARG,BM_MAI,XDC,M
2016-03-01,1713577772000.0,1713577.772,argentina,ARG,imf,https://api.imf.org/external/sdmx/2.1/data/MFS_MA/ARG.BM_MAI.XDC.M?detail=full&startPeriod=2000-01,ARG,BM_MAI,XDC,M
2016-04-01,1714702506000.0,1714702.506,argentina,ARG,imf,https://api.imf.org/external/sdmx/2.1/data/MFS_MA/ARG.BM_MAI.XDC.M?detail=full&startPeriod=2000-01,ARG,BM_MAI,XDC,M
2016-05-01,1740108007000.0,1740108.007,argentina,ARG,imf,https://api.imf.org/external/sdmx/2.1/data/MFS_MA/ARG.BM_MAI.XDC.M?detail=full&startPeriod=2000-01,ARG,BM_MAI,XDC,M
2016-06-01,1862857075000.0,1862857.075,argentina,ARG,imf,https://api.imf.org/external/sdmx/2.1/data/MFS_MA/ARG.BM_MAI.XDC.M?detail=full&startPeriod=2000-01,ARG,BM_MAI,XDC,M
2016-07-01,1903250474000.0,1903250.474,argentina,ARG,imf,https://api.imf.org/external/sdmx/2.1/data/MFS_MA/ARG.BM_MAI.XDC.M?detail=full&startPeriod=2000-01,ARG,BM_MAI,XDC,M
2016-08-01,1939525656000.0,1939525.656,argentina,ARG,imf,https://api.imf.org/external/sdmx/2.1/data/MFS_MA/ARG.BM_MAI.XDC.M?detail=full&startPeriod=2000-01,ARG,BM_MAI,XDC,M
2016-09-01,1972399591000.0,1972399.591,argentina,ARG,imf,https://api.imf.org/external/sdmx/2.1/data/MFS_MA/ARG.BM_MAI.XDC.M?detail=full&startPeriod=2000-01,ARG,BM_MAI,XDC,M
2016-10-01,2073865021000.0,2073865.021,argentina,ARG,imf,https://api.imf.org/external/sdmx/2.1/data/MFS_MA/ARG.BM_MAI.XDC.M?detail=full&startPeriod=2000-01,ARG,BM_MAI,XDC,M
2016-11-01,2188186604000.0,2188186.604,argentina,ARG,imf,https://api.imf.org/external/sdmx/2.1/data/MFS_MA/ARG.BM_MAI.XDC.M?detail=full&startPeriod=2000-01,ARG,BM_MAI,XDC,M
2016-12-01,2334518369000.0,2334518.369,argentina,ARG,imf,https://api.imf.org/external/sdmx/2.1/data/MFS_MA/ARG.BM_MAI.XDC.M?detail=full&startPeriod=2000-01,ARG,BM_MAI,XDC,M
2017-01-01,2298884137000.0,2298884.137,argentina,ARG,imf,https://api.imf.org/external/sdmx/2.1/data/MFS_MA/ARG.BM_MAI.XDC.M?detail=full&startPeriod=2000-01,ARG,BM_MAI,XDC,M
2017-02-01,2376637880000.0,2376637.88,argentina,ARG,imf,https://api.imf.org/external/sdmx/2.1/data/MFS_MA/ARG.BM_MAI.XDC.M?detail=full&startPeriod=2000-01,ARG,BM_MAI,XDC,M
2017-03-01,2379843449000.0,2379843.449,argentina,ARG,imf,https://api.imf.org/external/sdmx/2.1/data/MFS_MA/ARG.BM_MAI.XDC.M?detail=full&startPeriod=2000-01,ARG,BM_MAI,XDC,M
2017-04-01,2422641712000.0,2422641.712,argentina,ARG,imf,https://api.imf.org/external/sdmx/2.1/data/MFS_MA/ARG.BM_MAI.XDC.M?detail=full&startPeriod=2000-01,ARG,BM_MAI,XDC,M
2017-05-01,2456323048000.0,2456323.048,argentina,ARG,imf,https://api.imf.org/external/sdmx/2.1/data/MFS_MA/ARG.BM_MAI.XDC.M?detail=full&startPeriod=2000-01,ARG,BM_MAI,XDC,M
2017-06-01,2548077551000.0,2548077.551,argentina,ARG,imf,https://api.imf.org/external/sdmx/2.1/data/MFS_MA/ARG.BM_MAI.XDC.M?detail=full&startPeriod=2000-01,ARG,BM_MAI,XDC,M
2017-07-01,2612953307000.0,2612953.307,argentina,ARG,imf,https://api.imf.org/external/sdmx/2.1/data/MFS_MA/ARG.BM_MAI.XDC.M?detail=full&startPeriod=2000-01,ARG,BM_MAI,XDC,M
2017-08-01,2613650752000.0,2613650.752,argentina,ARG,imf,https://api.imf.org/external/sdmx/2.1/data/MFS_MA/ARG.BM_MAI.XDC.M?detail=full&startPeriod=2000-01,ARG,BM_MAI,XDC,M
2017-09-01,8046910618000.0,8046910.618,argentina,ARG,imf,https://api.imf.org/external/sdmx/2.1/data/MFS_MA/ARG.BM_MAI.XDC.M?detail=full&startPeriod=2000-01,ARG,BM_MAI,XDC,M
2017-10-01,2706251007000.0,2706251.007,argentina,ARG,imf,https://api.imf.org/external/sdmx/2.1/data/MFS_MA/ARG.BM_MAI.XDC.M?detail=full&startPeriod=2000-01,ARG,BM_MAI,XDC,M
2017-11-01,2789106026000.0,2789106.026,argentina,ARG,imf,https://api.imf.org/external/sdmx/2.1/data/MFS_MA/ARG.BM_MAI.XDC.M?detail=full&startPeriod=2000-01,ARG,BM_MAI,XDC,M
2017-12-01,3037661976000.0,3037661.976,argentina,ARG,imf,https://api.imf.org/external/sdmx/2.1/data/MFS_MA/ARG.BM_MAI.XDC.M?detail=full&startPeriod=2000-01,ARG,BM_MAI,XDC,M
2018-01-01,2973193159000.0,2973193.159,argentina,ARG,imf,https://api.imf.org/external/sdmx/2.1/data/MFS_MA/ARG.BM_MAI.XDC.M?detail=full&startPeriod=2000-01,ARG,BM_MAI,XDC,M
2018-02-01,3014079356000.0,3014079.356,argentina,ARG,imf,https://api.imf.org/external/sdmx/2.1/data/MFS_MA/ARG.BM_MAI.XDC.M?detail=full&startPeriod=2000-01,ARG,BM_MAI,XDC,M
2018-03-01,3062513120000.0,3062513.12,argentina,ARG,imf,https://api.imf.org/external/sdmx/2.1/data/MFS_MA/ARG.BM_MAI.XDC.M?detail=full&startPeriod=2000-01,ARG,BM_MAI,XDC,M
2018-04-01,3099586153000.0,3099586.153,argentina,ARG,imf,https://api.imf.org/external/sdmx/2.1/data/MFS_MA/ARG.BM_MAI.XDC.M?detail=full&startPeriod=2000-01,ARG,BM_MAI,XDC,M
2018-05-01,3237589761000.0,3237589.761,argentina,ARG,imf,https://api.imf.org/external/sdmx/2.1/data/MFS_MA/ARG.BM_MAI.XDC.M?detail=full&startPeriod=2000-01,ARG,BM_MAI,XDC,M
2018-06-01,3510220208000.0,3510220.208,argentina,ARG,imf,https://api.imf.org/external/sdmx/2.1/data/MFS_MA/ARG.BM_MAI.XDC.M?detail=full&startPeriod=2000-01,ARG,BM_MAI,XDC,M
2018-07-01,3490836417000.0,3490836.417,argentina,ARG,imf,https://api.imf.org/external/sdmx/2.1/data/MFS_MA/ARG.BM_MAI.XDC.M?detail=full&startPeriod=2000-01,ARG,BM_MAI,XDC,M
2018-08-01,3889374909000.0,3889374.909,argentina,ARG,imf,https://api.imf.org/external/sdmx/2.1/data/MFS_MA/ARG.BM_MAI.XDC.M?detail=full&startPeriod=2000-01,ARG,BM_MAI,XDC,M
2018-09-01,4031942937000.0,4031942.937,argentina,ARG,imf,https://api.imf.org/external/sdmx/2.1/data/MFS_MA/ARG.BM_MAI.XDC.M?detail=full&startPeriod=2000-01,ARG,BM_MAI,XDC,M
2018-10-01,4013617059000.0,4013617.059,argentina,ARG,imf,https://api.imf.org/external/sdmx/2.1/data/MFS_MA/ARG.BM_MAI.XDC.M?detail=full&startPeriod=2000-01,ARG,BM_MAI,XDC,M
2018-11-01,4175332840000.0,4175332.84,argentina,ARG,imf,https://api.imf.org/external/sdmx/2.1/data/MFS_MA/ARG.BM_MAI.XDC.M?detail=full&startPeriod=2000-01,ARG,BM_MAI,XDC,M
2018-12-01,4484008469000.0,4484008.469,argentina,ARG,imf,https://api.imf.org/external/sdmx/2.1/data/MFS_MA/ARG.BM_MAI.XDC.M?detail=full&startPeriod=2000-01,ARG,BM_MAI,XDC,M
2019-01-01,4471121746000.0,4471121.746,argentina,ARG,imf,https://api.imf.org/external/sdmx/2.1/data/MFS_MA/ARG.BM_MAI.XDC.M?detail=full&startPeriod=2000-01,ARG,BM_MAI,XDC,M
2019-02-01,4590954987000.0,4590954.987,argentina,ARG,imf,https://api.imf.org/external/sdmx/2.1/data/MFS_MA/ARG.BM_MAI.XDC.M?detail=full&startPeriod=2000-01,ARG,BM_MAI,XDC,M
2019-03-01,4806519968000.0,4806519.968,argentina,ARG,imf,https://api.imf.org/external/sdmx/2.1/data/MFS_MA/ARG.BM_MAI.XDC.M?detail=full&startPeriod=2000-01,ARG,BM_MAI,XDC,M
2019-04-01,4876145285000.0,4876145.285,argentina,ARG,imf,https://api.imf.org/external/sdmx/2.1/data/MFS_MA/ARG.BM_MAI.XDC.M?detail=full&startPeriod=2000-01,ARG,BM_MAI,XDC,M
2019-05-01,5060026994000.0,5060026.994,argentina,ARG,imf,https://api.imf.org/external/sdmx/2.1/data/MFS_MA/ARG.BM_MAI.XDC.M?detail=full&startPeriod=2000-01,ARG,BM_MAI,XDC,M
2019-06-01,5152583912000.0,5152583.912,argentina,ARG,imf,https://api.imf.org/external/sdmx/2.1/data/MFS_MA/ARG.BM_MAI.XDC.M?detail=full&startPeriod=2000-01,ARG,BM_MAI,XDC,M
2019-07-01,5293591622000.0,5293591.622,argentina,ARG,imf,https://api.imf.org/external/sdmx/2.1/data/MFS_MA/ARG.BM_MAI.XDC.M?detail=full&startPeriod=2000-01,ARG,BM_MAI,XDC,M
2019-08-01,5485246234000.0,5485246.234,argentina,ARG,imf,https://api.imf.org/external/sdmx/2.1/data/MFS_MA/ARG.BM_MAI.XDC.M?detail=full&startPeriod=2000-01,ARG,BM_MAI,XDC,M
2019-09-01,5209157116000.0,5209157.116,argentina,ARG,imf,https://api.imf.org/external/sdmx/2.1/data/MFS_MA/ARG.BM_MAI.XDC.M?detail=full&startPeriod=2000-01,ARG,BM_MAI,XDC,M
2019-10-01,5046746115000.0,5046746.115,argentina,ARG,imf,https://api.imf.org/external/sdmx/2.1/data/MFS_MA/ARG.BM_MAI.XDC.M?detail=full&startPeriod=2000-01,ARG,BM_MAI,XDC,M
2019-11-01,5221467833000.0,5221467.833,argentina,ARG,imf,https://api.imf.org/external/sdmx/2.1/data/MFS_MA/ARG.BM_MAI.XDC.M?detail=full&startPeriod=2000-01,ARG,BM_MAI,XDC,M
2019-12-01,5644655829000.0,5644655.829,argentina,ARG,imf,https://api.imf.org/external/sdmx/2.1/data/MFS_MA/ARG.BM_MAI.XDC.M?detail=full&startPeriod=2000-01,ARG,BM_MAI,XDC,M
2020-01-01,5892948262000.0,5892948.262,argentina,ARG,imf,https://api.imf.org/external/sdmx/2.1/data/MFS_MA/ARG.BM_MAI.XDC.M?detail=full&startPeriod=2000-01,ARG,BM_MAI,XDC,M
2020-02-01,6064033057000.0,6064033.057,argentina,ARG,imf,https://api.imf.org/external/sdmx/2.1/data/MFS_MA/ARG.BM_MAI.XDC.M?detail=full&startPeriod=2000-01,ARG,BM_MAI,XDC,M
2020-03-01,6480337355000.0,6480337.355,argentina,ARG,imf,https://api.imf.org/external/sdmx/2.1/data/MFS_MA/ARG.BM_MAI.XDC.M?detail=full&startPeriod=2000-01,ARG,BM_MAI,XDC,M
2020-04-01,6942793702000.0,6942793.702,argentina,ARG,imf,https://api.imf.org/external/sdmx/2.1/data/MFS_MA/ARG.BM_MAI.XDC.M?detail=full&startPeriod=2000-01,ARG,BM_MAI,XDC,M
2020-05-01,7331840208000.0,7331840.208,argentina,ARG,imf,https://api.imf.org/external/sdmx/2.1/data/MFS_MA/ARG.BM_MAI.XDC.M?detail=full&startPeriod=2000-01,ARG,BM_MAI,XDC,M
2020-06-01,7888028306000.0,7888028.306,argentina,ARG,imf,https://api.imf.org/external/sdmx/2.1/data/MFS_MA/ARG.BM_MAI.XDC.M?detail=full&startPeriod=2000-01,ARG,BM_MAI,XDC,M
2020-07-01,8193025741000.0,8193025.741,argentina,ARG,imf,https://api.imf.org/external/sdmx/2.1/data/MFS_MA/ARG.BM_MAI.XDC.M?detail=full&startPeriod=2000-01,ARG,BM_MAI,XDC,M
2020-08-01,8362321731000.0,8362321.731,argentina,ARG,imf,https://api.imf.org/external/sdmx/2.1/data/MFS_MA/ARG.BM_MAI.XDC.M?detail=full&startPeriod=2000-01,ARG,BM_MAI,XDC,M
2020-09-01,8501344714000.0,8501344.714,argentina,ARG,imf,https://api.imf.org/external/sdmx/2.1/data/MFS_MA/ARG.BM_MAI.XDC.M?detail=full&startPeriod=2000-01,ARG,BM_MAI,XDC,M
2020-10-01,8505243981000.0,8505243.981,argentina,ARG,imf,https://api.imf.org/external/sdmx/2.1/data/MFS_MA/ARG.BM_MAI.XDC.M?detail=full&startPeriod=2000-01,ARG,BM_MAI,XDC,M
2020-11-01,8690607315000.0,8690607.315,argentina,ARG,imf,https://api.imf.org/external/sdmx/2.1/data/MFS_MA/ARG.BM_MAI.XDC.M?detail=full&startPeriod=2000-01,ARG,BM_MAI,XDC,M
2020-12-01,9388817978000.0,9388817.978,argentina,ARG,imf,https://api.imf.org/external/sdmx/2.1/data/MFS_MA/ARG.BM_MAI.XDC.M?detail=full&startPeriod=2000-01,ARG,BM_MAI,XDC,M
2021-01-01,9476207504000.0,9476207.504,argentina,ARG,imf,https://api.imf.org/external/sdmx/2.1/data/MFS_MA/ARG.BM_MAI.XDC.M?detail=full&startPeriod=2000-01,ARG,BM_MAI,XDC,M
2021-02-01,9723543366000.0,9723543.366,argentina,ARG,imf,https://api.imf.org/external/sdmx/2.1/data/MFS_MA/ARG.BM_MAI.XDC.M?detail=full&startPeriod=2000-01,ARG,BM_MAI,XDC,M
2021-03-01,10074228736000.0,10074228.736,argentina,ARG,imf,https://api.imf.org/external/sdmx/2.1/data/MFS_MA/ARG.BM_MAI.XDC.M?detail=full&startPeriod=2000-01,ARG,BM_MAI,XDC,M
2021-04-01,10323176187000.0,10323176.187,argentina,ARG,imf,https://api.imf.org/external/sdmx/2.1/data/MFS_MA/ARG.BM_MAI.XDC.M?detail=full&startPeriod=2000-01,ARG,BM_MAI,XDC,M
2021-05-01,10716226389000.0,10716226.389,argentina,ARG,imf,https://api.imf.org/external/sdmx/2.1/data/MFS_MA/ARG.BM_MAI.XDC.M?detail=full&startPeriod=2000-01,ARG,BM_MAI,XDC,M
2021-06-01,11333996616000.0,11333996.616,argentina,ARG,imf,https://api.imf.org/external/sdmx/2.1/data/MFS_MA/ARG.BM_MAI.XDC.M?detail=full&startPeriod=2000-01,ARG,BM_MAI,XDC,M
2021-07-01,11696737233000.0,11696737.233,argentina,ARG,imf,https://api.imf.org/external/sdmx/2.1/data/MFS_MA/ARG.BM_MAI.XDC.M?detail=full&startPeriod=2000-01,ARG,BM_MAI,XDC,M
2021-08-01,12070704849000.0,12070704.849,argentina,ARG,imf,https://api.imf.org/external/sdmx/2.1/data/MFS_MA/ARG.BM_MAI.XDC.M?detail=full&startPeriod=2000-01,ARG,BM_MAI,XDC,M
2021-09-01,12439834864000.0,12439834.864,argentina,ARG,imf,https://api.imf.org/external/sdmx/2.1/data/MFS_MA/ARG.BM_MAI.XDC.M?detail=full&startPeriod=2000-01,ARG,BM_MAI,XDC,M
2021-10-01,12911297185000.0,12911297.185,argentina,ARG,imf,https://api.imf.org/external/sdmx/2.1/data/MFS_MA/ARG.BM_MAI.XDC.M?detail=full&startPeriod=2000-01,ARG,BM_MAI,XDC,M
2021-11-01,13185088126000.0,13185088.126,argentina,ARG,imf,https://api.imf.org/external/sdmx/2.1/data/MFS_MA/ARG.BM_MAI.XDC.M?detail=full&startPeriod=2000-01,ARG,BM_MAI,XDC,M
2021-12-01,14203565491000.0,14203565.491,argentina,ARG,imf,https://api.imf.org/external/sdmx/2.1/data/MFS_MA/ARG.BM_MAI.XDC.M?detail=full&startPeriod=2000-01,ARG,BM_MAI,XDC,M
2022-01-01,14358015964962.8,14358015.964962801,argentina,ARG,imf,https://api.imf.org/external/sdmx/2.1/data/MFS_MA/ARG.BM_MAI.XDC.M?detail=full&startPeriod=2000-01,ARG,BM_MAI,XDC,M
2022-02-01,14758442413473.8,14758442.413473802,argentina,ARG,imf,https://api.imf.org/external/sdmx/2.1/data/MFS_MA/ARG.BM_MAI.XDC.M?detail=full&startPeriod=2000-01,ARG,BM_MAI,XDC,M
2022-03-01,15130906021391.2,15130906.0213912,argentina,ARG,imf,https://api.imf.org/external/sdmx/2.1/data/MFS_MA/ARG.BM_MAI.XDC.M?detail=full&startPeriod=2000-01,ARG,BM_MAI,XDC,M
2022-04-01,16017646435528.5,16017646.4355285,argentina,ARG,imf,https://api.imf.org/external/sdmx/2.1/data/MFS_MA/ARG.BM_MAI.XDC.M?detail=full&startPeriod=2000-01,ARG,BM_MAI,XDC,M
2022-05-01,16893639801582.4,16893639.8015824,argentina,ARG,imf,https://api.imf.org/external/sdmx/2.1/data/MFS_MA/ARG.BM_MAI.XDC.M?detail=full&startPeriod=2000-01,ARG,BM_MAI,XDC,M
2022-06-01,18571977454891.4,18571977.4548914,argentina,ARG,imf,https://api.imf.org/external/sdmx/2.1/data/MFS_MA/ARG.BM_MAI.XDC.M?detail=full&startPeriod=2000-01,ARG,BM_MAI,XDC,M
2022-07-01,19285731962024.0,19285731.962024,argentina,ARG,imf,https://api.imf.org/external/sdmx/2.1/data/MFS_MA/ARG.BM_MAI.XDC.M?detail=full&startPeriod=2000-01,ARG,BM_MAI,XDC,M
2022-08-01,19921561936603.7,19921561.9366037,argentina,ARG,imf,https://api.imf.org/external/sdmx/2.1/data/MFS_MA/ARG.BM_MAI.XDC.M?detail=full&startPeriod=2000-01,ARG,BM_MAI,XDC,M
2022-09-01,21514610861598.2,21514610.861598197,argentina,ARG,imf,https://api.imf.org/external/sdmx/2.1/data/MFS_MA/ARG.BM_MAI.XDC.M?detail=full&startPeriod=2000-01,ARG,BM_MAI,XDC,M
2022-10-01,22722681296335.9,22722681.2963359,argentina,ARG,imf,https://api.imf.org/external/sdmx/2.1/data/MFS_MA/ARG.BM_MAI.XDC.M?detail=full&startPeriod=2000-01,ARG,BM_MAI,XDC,M
2022-11-01,24259412349599.9,24259412.349599898,argentina,ARG,imf,https://api.imf.org/external/sdmx/2.1/data/MFS_MA/ARG.BM_MAI.XDC.M?detail=full&startPeriod=2000-01,ARG,BM_MAI,XDC,M
2022-12-01,26658073798159.6,26658073.798159603,argentina,ARG,imf,https://api.imf.org/external/sdmx/2.1/data/MFS_MA/ARG.BM_MAI.XDC.M?detail=full&startPeriod=2000-01,ARG,BM_MAI,XDC,M
2023-01-01,27469474539237.8,27469474.5392378,argentina,ARG,imf,https://api.imf.org/external/sdmx/2.1/data/MFS_MA/ARG.BM_MAI.XDC.M?detail=full&startPeriod=2000-01,ARG,BM_MAI,XDC,M
2023-02-01,28760275484350.8,28760275.4843508,argentina,ARG,imf,https://api.imf.org/external/sdmx/2.1/data/MFS_MA/ARG.BM_MAI.XDC.M?detail=full&startPeriod=2000-01,ARG,BM_MAI,XDC,M
2023-03-01,30167542424916.6,30167542.424916603,argentina,ARG,imf,https://api.imf.org/external/sdmx/2.1/data/MFS_MA/ARG.BM_MAI.XDC.M?detail=full&startPeriod=2000-01,ARG,BM_MAI,XDC,M
2023-04-01,32174615105782.8,32174615.1057828,argentina,ARG,imf,https://api.imf.org/external/sdmx/2.1/data/MFS_MA/ARG.BM_MAI.XDC.M?detail=full&startPeriod=2000-01,ARG,BM_MAI,XDC,M
2023-05-01,34455946772955.2,34455946.7729552,argentina,ARG,imf,https://api.imf.org/external/sdmx/2.1/data/MFS_MA/ARG.BM_MAI.XDC.M?detail=full&startPeriod=2000-01,ARG,BM_MAI,XDC,M
2023-06-01,37175130130988.0,37175130.130988,argentina,ARG,imf,https://api.imf.org/external/sdmx/2.1/data/MFS_MA/ARG.BM_MAI.XDC.M?detail=full&startPeriod=2000-01,ARG,BM_MAI,XDC,M
2023-07-01,39936966608575.8,39936966.6085758,argentina,ARG,imf,https://api.imf.org/external/sdmx/2.1/data/MFS_MA/ARG.BM_MAI.XDC.M?detail=full&startPeriod=2000-01,ARG,BM_MAI,XDC,M
2023-08-01,43286318203321.9,43286318.2033219,argentina,ARG,imf,https://api.imf.org/external/sdmx/2.1/data/MFS_MA/ARG.BM_MAI.XDC.M?detail=full&startPeriod=2000-01,ARG,BM_MAI,XDC,M
2023-09-01,46347249307819.5,46347249.3078195,argentina,ARG,imf,https://api.imf.org/external/sdmx/2.1/data/MFS_MA/ARG.BM_MAI.XDC.M?detail=full&startPeriod=2000-01,ARG,BM_MAI,XDC,M
2023-10-01,48471019686942.4,48471019.6869424,argentina,ARG,imf,https://api.imf.org/external/sdmx/2.1/data/MFS_MA/ARG.BM_MAI.XDC.M?detail=full&startPeriod=2000-01,ARG,BM_MAI,XDC,M
2023-11-01,50271026085660.6,50271026.0856606,argentina,ARG,imf,https://api.imf.org/external/sdmx/2.1/data/MFS_MA/ARG.BM_MAI.XDC.M?detail=full&startPeriod=2000-01,ARG,BM_MAI,XDC,M
2023-12-01,68924197828064.5,68924197.8280645,argentina,ARG,imf,https://api.imf.org/external/sdmx/2.1/data/MFS_MA/ARG.BM_MAI.XDC.M?detail=full&startPeriod=2000-01,ARG,BM_MAI,XDC,M
2024-01-01,72843929444875.5,72843929.4448755,argentina,ARG,imf,https://api.imf.org/external/sdmx/2.1/data/MFS_MA/ARG.BM_MAI.XDC.M?detail=full&startPeriod=2000-01,ARG,BM_MAI,XDC,M
2024-02-01,76051559114678.3,76051559.1146783,argentina,ARG,imf,https://api.imf.org/external/sdmx/2.1/data/MFS_MA/ARG.BM_MAI.XDC.M?detail=full&startPeriod=2000-01,ARG,BM_MAI,XDC,M
2024-03-01,81851794830908.0,81851794.830908,argentina,ARG,imf,https://api.imf.org/external/sdmx/2.1/data/MFS_MA/ARG.BM_MAI.XDC.M?detail=full&startPeriod=2000-01,ARG,BM_MAI,XDC,M
2024-04-01,89269247765314.1,89269247.76531409,argentina,ARG,imf,https://api.imf.org/external/sdmx/2.1/data/MFS_MA/ARG.BM_MAI.XDC.M?detail=full&startPeriod=2000-01,ARG,BM_MAI,XDC,M
2024-05-01,96527717529371.0,96527717.529371,argentina,ARG,imf,https://api.imf.org/external/sdmx/2.1/data/MFS_MA/ARG.BM_MAI.XDC.M?detail=full&startPeriod=2000-01,ARG,BM_MAI,XDC,M
2024-06-01,103910599728533.0,103910599.728533,argentina,ARG,imf,https://api.imf.org/external/sdmx/2.1/data/MFS_MA/ARG.BM_MAI.XDC.M?detail=full&startPeriod=2000-01,ARG,BM_MAI,XDC,M
2024-07-01,108857597602425.0,108857597.602425,argentina,ARG,imf,https://api.imf.org/external/sdmx/2.1/data/MFS_MA/ARG.BM_MAI.XDC.M?detail=full&startPeriod=2000-01,ARG,BM_MAI,XDC,M
2024-08-01,113656998263035.0,113656998.263035,argentina,ARG,imf,https://api.imf.org/external/sdmx/2.1/data/MFS_MA/ARG.BM_MAI.XDC.M?detail=full&startPeriod=2000-01,ARG,BM_MAI,XDC,M
2024-09-01,130089357408111.0,130089357.408111,argentina,ARG,imf,https://api.imf.org/external/sdmx/2.1/data/MFS_MA/ARG.BM_MAI.XDC.M?detail=full&startPeriod=2000-01,ARG,BM_MAI,XDC,M
2024-10-01,140136400859120.0,140136400.85912,argentina,ARG,imf,https://api.imf.org/external/sdmx/2.1/data/MFS_MA/ARG.BM_MAI.XDC.M?detail=full&startPeriod=2000-01,ARG,BM_MAI,XDC,M
2024-11-01,145294526646279.0,145294526.646279,argentina,ARG,imf,https://api.imf.org/external/sdmx/2.1/data/MFS_MA/ARG.BM_MAI.XDC.M?detail=full&startPeriod=2000-01,ARG,BM_MAI,XDC,M
2024-12-01,153766355470301.0,153766355.470301,argentina,ARG,imf,https://api.imf.org/external/sdmx/2.1/data/MFS_MA/ARG.BM_MAI.XDC.M?detail=full&startPeriod=2000-01,ARG,BM_MAI,XDC,M
2025-01-01,155127451223922.0,155127451.223922,argentina,ARG,imf,https://api.imf.org/external/sdmx/2.1/data/MFS_MA/ARG.BM_MAI.XDC.M?detail=full&startPeriod=2000-01,ARG,BM_MAI,XDC,M
2025-02-01,158136672809853.0,158136672.809853,argentina,ARG,imf,https://api.imf.org/external/sdmx/2.1/data/MFS_MA/ARG.BM_MAI.XDC.M?detail=full&startPeriod=2000-01,ARG,BM_MAI,XDC,M
2025-03-01,162790643412423.0,162790643.412423,argentina,ARG,imf,https://api.imf.org/external/sdmx/2.1/data/MFS_MA/ARG.BM_MAI.XDC.M?detail=full&startPeriod=2000-01,ARG,BM_MAI,XDC,M
2025-04-01,169889137884830.0,169889137.88483,argentina,ARG,imf,https://api.imf.org/external/sdmx/2.1/data/MFS_MA/ARG.BM_MAI.XDC.M?detail=full&startPeriod=2000-01,ARG,BM_MAI,XDC,M
2025-05-01,176305454826929.0,176305454.826929,argentina,ARG,imf,https://api.imf.org/external/sdmx/2.1/data/MFS_MA/ARG.BM_MAI.XDC.M?detail=full&startPeriod=2000-01,ARG,BM_MAI,XDC,M
2025-06-01,184708665191934.0,184708665.191934,argentina,ARG,imf,https://api.imf.org/external/sdmx/2.1/data/MFS_MA/ARG.BM_MAI.XDC.M?detail=full&startPeriod=2000-01,ARG,BM_MAI,XDC,M
2025-07-01,190931133118465.0,190931133.118465,argentina,ARG,imf,https://api.imf.org/external/sdmx/2.1/data/MFS_MA/ARG.BM_MAI.XDC.M?detail=full&startPeriod=2000-01,ARG,BM_MAI,XDC,M
2025-08-01,193472453880234.0,193472453.880234,argentina,ARG,imf,https://api.imf.org/external/sdmx/2.1/data/MFS_MA/ARG.BM_MAI.XDC.M?detail=full&startPeriod=2000-01,ARG,BM_MAI,XDC,M
2025-09-01,206238519337149.0,206238519.337149,argentina,ARG,imf,https://api.imf.org/external/sdmx/2.1/data/MFS_MA/ARG.BM_MAI.XDC.M?detail=full&startPeriod=2000-01,ARG,BM_MAI,XDC,M
2025-10-01,205405000335843.0,205405000.335843,argentina,ARG,imf,https://api.imf.org/external/sdmx/2.1/data/MFS_MA/ARG.BM_MAI.XDC.M?detail=full&startPeriod=2000-01,ARG,BM_MAI,XDC,M
2025-11-01,211324694177789.0,211324694.177789,argentina,ARG,imf,https://api.imf.org/external/sdmx/2.1/data/MFS_MA/ARG.BM_MAI.XDC.M?detail=full&startPeriod=2000-01,ARG,BM_MAI,XDC,M
