date,value_raw,value_standardized,country,country_code,source_provider,source_url,COUNTRY,INDICATOR,TYPE_OF_TRANSFORMATION,FREQUENCY
2008-01-01,2172000000.0,2172.0,egypt,EGY,imf,https://api.imf.org/external/sdmx/2.1/data/ITG/EGY.XG.FOB_USD.M?detail=full&startPeriod=2000-01,EGY,XG,FOB_USD,M
2008-02-01,2155000000.0,2155.0,egypt,EGY,imf,https://api.imf.org/external/sdmx/2.1/data/ITG/EGY.XG.FOB_USD.M?detail=full&startPeriod=2000-01,EGY,XG,FOB_USD,M
2008-03-01,2423000000.0,2423.0,egypt,EGY,imf,https://api.imf.org/external/sdmx/2.1/data/ITG/EGY.XG.FOB_USD.M?detail=full&startPeriod=2000-01,EGY,XG,FOB_USD,M
2008-04-01,2539000000.0,2539.0,egypt,EGY,imf,https://api.imf.org/external/sdmx/2.1/data/ITG/EGY.XG.FOB_USD.M?detail=full&startPeriod=2000-01,EGY,XG,FOB_USD,M
2008-05-01,2461000000.0,2461.0,egypt,EGY,imf,https://api.imf.org/external/sdmx/2.1/data/ITG/EGY.XG.FOB_USD.M?detail=full&startPeriod=2000-01,EGY,XG,FOB_USD,M
2008-06-01,2991000000.0,2991.0,egypt,EGY,imf,https://api.imf.org/external/sdmx/2.1/data/ITG/EGY.XG.FOB_USD.M?detail=full&startPeriod=2000-01,EGY,XG,FOB_USD,M
2008-07-01,2671000000.0,2671.0,egypt,EGY,imf,https://api.imf.org/external/sdmx/2.1/data/ITG/EGY.XG.FOB_USD.M?detail=full&startPeriod=2000-01,EGY,XG,FOB_USD,M
2008-08-01,1919000000.0,1919.0,egypt,EGY,imf,https://api.imf.org/external/sdmx/2.1/data/ITG/EGY.XG.FOB_USD.M?detail=full&startPeriod=2000-01,EGY,XG,FOB_USD,M
2008-09-01,1908000000.0,1908.0,egypt,EGY,imf,https://api.imf.org/external/sdmx/2.1/data/ITG/EGY.XG.FOB_USD.M?detail=full&startPeriod=2000-01,EGY,XG,FOB_USD,M
2008-10-01,1819000000.0,1819.0,egypt,EGY,imf,https://api.imf.org/external/sdmx/2.1/data/ITG/EGY.XG.FOB_USD.M?detail=full&startPeriod=2000-01,EGY,XG,FOB_USD,M
2008-11-01,1646000000.0,1646.0,egypt,EGY,imf,https://api.imf.org/external/sdmx/2.1/data/ITG/EGY.XG.FOB_USD.M?detail=full&startPeriod=2000-01,EGY,XG,FOB_USD,M
2008-12-01,1599000000.0,1599.0,egypt,EGY,imf,https://api.imf.org/external/sdmx/2.1/data/ITG/EGY.XG.FOB_USD.M?detail=full&startPeriod=2000-01,EGY,XG,FOB_USD,M
2009-01-01,1721000000.0,1721.0,egypt,EGY,imf,https://api.imf.org/external/sdmx/2.1/data/ITG/EGY.XG.FOB_USD.M?detail=full&startPeriod=2000-01,EGY,XG,FOB_USD,M
2009-02-01,1825000000.0,1825.0,egypt,EGY,imf,https://api.imf.org/external/sdmx/2.1/data/ITG/EGY.XG.FOB_USD.M?detail=full&startPeriod=2000-01,EGY,XG,FOB_USD,M
2009-03-01,1845000000.0,1845.0,egypt,EGY,imf,https://api.imf.org/external/sdmx/2.1/data/ITG/EGY.XG.FOB_USD.M?detail=full&startPeriod=2000-01,EGY,XG,FOB_USD,M
2009-04-01,1796000000.0,1796.0,egypt,EGY,imf,https://api.imf.org/external/sdmx/2.1/data/ITG/EGY.XG.FOB_USD.M?detail=full&startPeriod=2000-01,EGY,XG,FOB_USD,M
2009-05-01,2080000000.0,2080.0,egypt,EGY,imf,https://api.imf.org/external/sdmx/2.1/data/ITG/EGY.XG.FOB_USD.M?detail=full&startPeriod=2000-01,EGY,XG,FOB_USD,M
2009-06-01,2317000000.0,2317.0,egypt,EGY,imf,https://api.imf.org/external/sdmx/2.1/data/ITG/EGY.XG.FOB_USD.M?detail=full&startPeriod=2000-01,EGY,XG,FOB_USD,M
2009-07-01,1857000000.0,1857.0,egypt,EGY,imf,https://api.imf.org/external/sdmx/2.1/data/ITG/EGY.XG.FOB_USD.M?detail=full&startPeriod=2000-01,EGY,XG,FOB_USD,M
2009-08-01,1962000000.0,1962.0,egypt,EGY,imf,https://api.imf.org/external/sdmx/2.1/data/ITG/EGY.XG.FOB_USD.M?detail=full&startPeriod=2000-01,EGY,XG,FOB_USD,M
2009-09-01,1836000000.0,1836.0,egypt,EGY,imf,https://api.imf.org/external/sdmx/2.1/data/ITG/EGY.XG.FOB_USD.M?detail=full&startPeriod=2000-01,EGY,XG,FOB_USD,M
2009-10-01,1912000000.0,1912.0,egypt,EGY,imf,https://api.imf.org/external/sdmx/2.1/data/ITG/EGY.XG.FOB_USD.M?detail=full&startPeriod=2000-01,EGY,XG,FOB_USD,M
2009-11-01,1993000000.0,1993.0,egypt,EGY,imf,https://api.imf.org/external/sdmx/2.1/data/ITG/EGY.XG.FOB_USD.M?detail=full&startPeriod=2000-01,EGY,XG,FOB_USD,M
2009-12-01,3063000000.0,3063.0,egypt,EGY,imf,https://api.imf.org/external/sdmx/2.1/data/ITG/EGY.XG.FOB_USD.M?detail=full&startPeriod=2000-01,EGY,XG,FOB_USD,M
2010-01-01,1985000000.0,1985.0,egypt,EGY,imf,https://api.imf.org/external/sdmx/2.1/data/ITG/EGY.XG.FOB_USD.M?detail=full&startPeriod=2000-01,EGY,XG,FOB_USD,M
2010-02-01,2049000000.0,2049.0,egypt,EGY,imf,https://api.imf.org/external/sdmx/2.1/data/ITG/EGY.XG.FOB_USD.M?detail=full&startPeriod=2000-01,EGY,XG,FOB_USD,M
2010-03-01,2376000000.0,2376.0,egypt,EGY,imf,https://api.imf.org/external/sdmx/2.1/data/ITG/EGY.XG.FOB_USD.M?detail=full&startPeriod=2000-01,EGY,XG,FOB_USD,M
2010-04-01,2254000000.0,2254.0,egypt,EGY,imf,https://api.imf.org/external/sdmx/2.1/data/ITG/EGY.XG.FOB_USD.M?detail=full&startPeriod=2000-01,EGY,XG,FOB_USD,M
2010-05-01,2457000000.0,2457.0,egypt,EGY,imf,https://api.imf.org/external/sdmx/2.1/data/ITG/EGY.XG.FOB_USD.M?detail=full&startPeriod=2000-01,EGY,XG,FOB_USD,M
2010-06-01,2342000000.0,2342.0,egypt,EGY,imf,https://api.imf.org/external/sdmx/2.1/data/ITG/EGY.XG.FOB_USD.M?detail=full&startPeriod=2000-01,EGY,XG,FOB_USD,M
2010-07-01,2208000000.0,2208.0,egypt,EGY,imf,https://api.imf.org/external/sdmx/2.1/data/ITG/EGY.XG.FOB_USD.M?detail=full&startPeriod=2000-01,EGY,XG,FOB_USD,M
2010-08-01,2133000000.0,2133.0,egypt,EGY,imf,https://api.imf.org/external/sdmx/2.1/data/ITG/EGY.XG.FOB_USD.M?detail=full&startPeriod=2000-01,EGY,XG,FOB_USD,M
2010-09-01,2177000000.0,2177.0,egypt,EGY,imf,https://api.imf.org/external/sdmx/2.1/data/ITG/EGY.XG.FOB_USD.M?detail=full&startPeriod=2000-01,EGY,XG,FOB_USD,M
2010-10-01,2243000000.0,2243.0,egypt,EGY,imf,https://api.imf.org/external/sdmx/2.1/data/ITG/EGY.XG.FOB_USD.M?detail=full&startPeriod=2000-01,EGY,XG,FOB_USD,M
2010-11-01,2156000000.0,2156.0,egypt,EGY,imf,https://api.imf.org/external/sdmx/2.1/data/ITG/EGY.XG.FOB_USD.M?detail=full&startPeriod=2000-01,EGY,XG,FOB_USD,M
2010-12-01,2929000000.0,2929.0,egypt,EGY,imf,https://api.imf.org/external/sdmx/2.1/data/ITG/EGY.XG.FOB_USD.M?detail=full&startPeriod=2000-01,EGY,XG,FOB_USD,M
2011-01-01,2158000000.0,2158.0,egypt,EGY,imf,https://api.imf.org/external/sdmx/2.1/data/ITG/EGY.XG.FOB_USD.M?detail=full&startPeriod=2000-01,EGY,XG,FOB_USD,M
2011-02-01,2370000000.0,2370.0,egypt,EGY,imf,https://api.imf.org/external/sdmx/2.1/data/ITG/EGY.XG.FOB_USD.M?detail=full&startPeriod=2000-01,EGY,XG,FOB_USD,M
2011-03-01,2847000000.0,2847.0,egypt,EGY,imf,https://api.imf.org/external/sdmx/2.1/data/ITG/EGY.XG.FOB_USD.M?detail=full&startPeriod=2000-01,EGY,XG,FOB_USD,M
2011-04-01,2946000000.0,2946.0,egypt,EGY,imf,https://api.imf.org/external/sdmx/2.1/data/ITG/EGY.XG.FOB_USD.M?detail=full&startPeriod=2000-01,EGY,XG,FOB_USD,M
2011-05-01,2918000000.0,2918.0,egypt,EGY,imf,https://api.imf.org/external/sdmx/2.1/data/ITG/EGY.XG.FOB_USD.M?detail=full&startPeriod=2000-01,EGY,XG,FOB_USD,M
2011-06-01,2978000000.0,2978.0,egypt,EGY,imf,https://api.imf.org/external/sdmx/2.1/data/ITG/EGY.XG.FOB_USD.M?detail=full&startPeriod=2000-01,EGY,XG,FOB_USD,M
2011-07-01,2723000000.0,2723.0,egypt,EGY,imf,https://api.imf.org/external/sdmx/2.1/data/ITG/EGY.XG.FOB_USD.M?detail=full&startPeriod=2000-01,EGY,XG,FOB_USD,M
2011-08-01,2349000000.0,2349.0,egypt,EGY,imf,https://api.imf.org/external/sdmx/2.1/data/ITG/EGY.XG.FOB_USD.M?detail=full&startPeriod=2000-01,EGY,XG,FOB_USD,M
2011-09-01,2417000000.0,2417.0,egypt,EGY,imf,https://api.imf.org/external/sdmx/2.1/data/ITG/EGY.XG.FOB_USD.M?detail=full&startPeriod=2000-01,EGY,XG,FOB_USD,M
2011-10-01,2608000000.0,2608.0,egypt,EGY,imf,https://api.imf.org/external/sdmx/2.1/data/ITG/EGY.XG.FOB_USD.M?detail=full&startPeriod=2000-01,EGY,XG,FOB_USD,M
2011-11-01,2510000000.0,2510.0,egypt,EGY,imf,https://api.imf.org/external/sdmx/2.1/data/ITG/EGY.XG.FOB_USD.M?detail=full&startPeriod=2000-01,EGY,XG,FOB_USD,M
2011-12-01,2748000000.0,2748.0,egypt,EGY,imf,https://api.imf.org/external/sdmx/2.1/data/ITG/EGY.XG.FOB_USD.M?detail=full&startPeriod=2000-01,EGY,XG,FOB_USD,M
2012-01-01,2362000000.0,2362.0,egypt,EGY,imf,https://api.imf.org/external/sdmx/2.1/data/ITG/EGY.XG.FOB_USD.M?detail=full&startPeriod=2000-01,EGY,XG,FOB_USD,M
2012-02-01,2719000000.0,2719.0,egypt,EGY,imf,https://api.imf.org/external/sdmx/2.1/data/ITG/EGY.XG.FOB_USD.M?detail=full&startPeriod=2000-01,EGY,XG,FOB_USD,M
2012-03-01,2666000000.0,2666.0,egypt,EGY,imf,https://api.imf.org/external/sdmx/2.1/data/ITG/EGY.XG.FOB_USD.M?detail=full&startPeriod=2000-01,EGY,XG,FOB_USD,M
2012-04-01,2600000000.0,2600.0,egypt,EGY,imf,https://api.imf.org/external/sdmx/2.1/data/ITG/EGY.XG.FOB_USD.M?detail=full&startPeriod=2000-01,EGY,XG,FOB_USD,M
2012-05-01,2697000000.0,2697.0,egypt,EGY,imf,https://api.imf.org/external/sdmx/2.1/data/ITG/EGY.XG.FOB_USD.M?detail=full&startPeriod=2000-01,EGY,XG,FOB_USD,M
2012-06-01,2540000000.0,2540.0,egypt,EGY,imf,https://api.imf.org/external/sdmx/2.1/data/ITG/EGY.XG.FOB_USD.M?detail=full&startPeriod=2000-01,EGY,XG,FOB_USD,M
2012-07-01,2340000000.0,2340.0,egypt,EGY,imf,https://api.imf.org/external/sdmx/2.1/data/ITG/EGY.XG.FOB_USD.M?detail=full&startPeriod=2000-01,EGY,XG,FOB_USD,M
2012-08-01,2187000000.0,2187.0,egypt,EGY,imf,https://api.imf.org/external/sdmx/2.1/data/ITG/EGY.XG.FOB_USD.M?detail=full&startPeriod=2000-01,EGY,XG,FOB_USD,M
2012-09-01,2830000000.0,2830.0,egypt,EGY,imf,https://api.imf.org/external/sdmx/2.1/data/ITG/EGY.XG.FOB_USD.M?detail=full&startPeriod=2000-01,EGY,XG,FOB_USD,M
2012-10-01,2421000000.0,2421.0,egypt,EGY,imf,https://api.imf.org/external/sdmx/2.1/data/ITG/EGY.XG.FOB_USD.M?detail=full&startPeriod=2000-01,EGY,XG,FOB_USD,M
2012-11-01,2519000000.0,2519.0,egypt,EGY,imf,https://api.imf.org/external/sdmx/2.1/data/ITG/EGY.XG.FOB_USD.M?detail=full&startPeriod=2000-01,EGY,XG,FOB_USD,M
2012-12-01,2742000000.0,2742.0,egypt,EGY,imf,https://api.imf.org/external/sdmx/2.1/data/ITG/EGY.XG.FOB_USD.M?detail=full&startPeriod=2000-01,EGY,XG,FOB_USD,M
2013-01-01,2407000000.0,2407.0,egypt,EGY,imf,https://api.imf.org/external/sdmx/2.1/data/ITG/EGY.XG.FOB_USD.M?detail=full&startPeriod=2000-01,EGY,XG,FOB_USD,M
2013-02-01,2645000000.0,2645.0,egypt,EGY,imf,https://api.imf.org/external/sdmx/2.1/data/ITG/EGY.XG.FOB_USD.M?detail=full&startPeriod=2000-01,EGY,XG,FOB_USD,M
2013-03-01,2806000000.0,2806.0,egypt,EGY,imf,https://api.imf.org/external/sdmx/2.1/data/ITG/EGY.XG.FOB_USD.M?detail=full&startPeriod=2000-01,EGY,XG,FOB_USD,M
2013-04-01,2716000000.0,2716.0,egypt,EGY,imf,https://api.imf.org/external/sdmx/2.1/data/ITG/EGY.XG.FOB_USD.M?detail=full&startPeriod=2000-01,EGY,XG,FOB_USD,M
2013-05-01,2467000000.0,2467.0,egypt,EGY,imf,https://api.imf.org/external/sdmx/2.1/data/ITG/EGY.XG.FOB_USD.M?detail=full&startPeriod=2000-01,EGY,XG,FOB_USD,M
2013-06-01,2528000000.0,2528.0,egypt,EGY,imf,https://api.imf.org/external/sdmx/2.1/data/ITG/EGY.XG.FOB_USD.M?detail=full&startPeriod=2000-01,EGY,XG,FOB_USD,M
2013-07-01,2134000000.0,2134.0,egypt,EGY,imf,https://api.imf.org/external/sdmx/2.1/data/ITG/EGY.XG.FOB_USD.M?detail=full&startPeriod=2000-01,EGY,XG,FOB_USD,M
2013-08-01,2013000000.0,2013.0,egypt,EGY,imf,https://api.imf.org/external/sdmx/2.1/data/ITG/EGY.XG.FOB_USD.M?detail=full&startPeriod=2000-01,EGY,XG,FOB_USD,M
2013-09-01,2416000000.0,2416.0,egypt,EGY,imf,https://api.imf.org/external/sdmx/2.1/data/ITG/EGY.XG.FOB_USD.M?detail=full&startPeriod=2000-01,EGY,XG,FOB_USD,M
2013-10-01,2183000000.0,2183.0,egypt,EGY,imf,https://api.imf.org/external/sdmx/2.1/data/ITG/EGY.XG.FOB_USD.M?detail=full&startPeriod=2000-01,EGY,XG,FOB_USD,M
2013-11-01,2271000000.0,2271.0,egypt,EGY,imf,https://api.imf.org/external/sdmx/2.1/data/ITG/EGY.XG.FOB_USD.M?detail=full&startPeriod=2000-01,EGY,XG,FOB_USD,M
2013-12-01,2432000000.0,2432.0,egypt,EGY,imf,https://api.imf.org/external/sdmx/2.1/data/ITG/EGY.XG.FOB_USD.M?detail=full&startPeriod=2000-01,EGY,XG,FOB_USD,M
2014-01-01,2217000000.0,2217.0,egypt,EGY,imf,https://api.imf.org/external/sdmx/2.1/data/ITG/EGY.XG.FOB_USD.M?detail=full&startPeriod=2000-01,EGY,XG,FOB_USD,M
2014-02-01,2303000000.0,2303.0,egypt,EGY,imf,https://api.imf.org/external/sdmx/2.1/data/ITG/EGY.XG.FOB_USD.M?detail=full&startPeriod=2000-01,EGY,XG,FOB_USD,M
2014-03-01,2589000000.0,2589.0,egypt,EGY,imf,https://api.imf.org/external/sdmx/2.1/data/ITG/EGY.XG.FOB_USD.M?detail=full&startPeriod=2000-01,EGY,XG,FOB_USD,M
2014-04-01,2364000000.0,2364.0,egypt,EGY,imf,https://api.imf.org/external/sdmx/2.1/data/ITG/EGY.XG.FOB_USD.M?detail=full&startPeriod=2000-01,EGY,XG,FOB_USD,M
2014-05-01,2597000000.0,2597.0,egypt,EGY,imf,https://api.imf.org/external/sdmx/2.1/data/ITG/EGY.XG.FOB_USD.M?detail=full&startPeriod=2000-01,EGY,XG,FOB_USD,M
2014-06-01,2576000000.0,2576.0,egypt,EGY,imf,https://api.imf.org/external/sdmx/2.1/data/ITG/EGY.XG.FOB_USD.M?detail=full&startPeriod=2000-01,EGY,XG,FOB_USD,M
2014-07-01,1825000000.0,1825.0,egypt,EGY,imf,https://api.imf.org/external/sdmx/2.1/data/ITG/EGY.XG.FOB_USD.M?detail=full&startPeriod=2000-01,EGY,XG,FOB_USD,M
2014-08-01,2105000000.0,2105.0,egypt,EGY,imf,https://api.imf.org/external/sdmx/2.1/data/ITG/EGY.XG.FOB_USD.M?detail=full&startPeriod=2000-01,EGY,XG,FOB_USD,M
2014-09-01,2038000000.0,2038.0,egypt,EGY,imf,https://api.imf.org/external/sdmx/2.1/data/ITG/EGY.XG.FOB_USD.M?detail=full&startPeriod=2000-01,EGY,XG,FOB_USD,M
2014-10-01,1696000000.0,1696.0,egypt,EGY,imf,https://api.imf.org/external/sdmx/2.1/data/ITG/EGY.XG.FOB_USD.M?detail=full&startPeriod=2000-01,EGY,XG,FOB_USD,M
2014-11-01,2261000000.0,2261.0,egypt,EGY,imf,https://api.imf.org/external/sdmx/2.1/data/ITG/EGY.XG.FOB_USD.M?detail=full&startPeriod=2000-01,EGY,XG,FOB_USD,M
2014-12-01,2282000000.0,2282.0,egypt,EGY,imf,https://api.imf.org/external/sdmx/2.1/data/ITG/EGY.XG.FOB_USD.M?detail=full&startPeriod=2000-01,EGY,XG,FOB_USD,M
2015-01-01,1610000000.0,1610.0,egypt,EGY,imf,https://api.imf.org/external/sdmx/2.1/data/ITG/EGY.XG.FOB_USD.M?detail=full&startPeriod=2000-01,EGY,XG,FOB_USD,M
2015-02-01,1681000000.0,1681.0,egypt,EGY,imf,https://api.imf.org/external/sdmx/2.1/data/ITG/EGY.XG.FOB_USD.M?detail=full&startPeriod=2000-01,EGY,XG,FOB_USD,M
2015-03-01,2017000000.0,2017.0,egypt,EGY,imf,https://api.imf.org/external/sdmx/2.1/data/ITG/EGY.XG.FOB_USD.M?detail=full&startPeriod=2000-01,EGY,XG,FOB_USD,M
2015-04-01,1857000000.0,1857.0,egypt,EGY,imf,https://api.imf.org/external/sdmx/2.1/data/ITG/EGY.XG.FOB_USD.M?detail=full&startPeriod=2000-01,EGY,XG,FOB_USD,M
2015-05-01,2146000000.0,2146.0,egypt,EGY,imf,https://api.imf.org/external/sdmx/2.1/data/ITG/EGY.XG.FOB_USD.M?detail=full&startPeriod=2000-01,EGY,XG,FOB_USD,M
2015-06-01,1913000000.0,1913.0,egypt,EGY,imf,https://api.imf.org/external/sdmx/2.1/data/ITG/EGY.XG.FOB_USD.M?detail=full&startPeriod=2000-01,EGY,XG,FOB_USD,M
2015-07-01,1696000000.0,1696.0,egypt,EGY,imf,https://api.imf.org/external/sdmx/2.1/data/ITG/EGY.XG.FOB_USD.M?detail=full&startPeriod=2000-01,EGY,XG,FOB_USD,M
2015-08-01,1695000000.0,1695.0,egypt,EGY,imf,https://api.imf.org/external/sdmx/2.1/data/ITG/EGY.XG.FOB_USD.M?detail=full&startPeriod=2000-01,EGY,XG,FOB_USD,M
2015-09-01,1435000000.0,1435.0,egypt,EGY,imf,https://api.imf.org/external/sdmx/2.1/data/ITG/EGY.XG.FOB_USD.M?detail=full&startPeriod=2000-01,EGY,XG,FOB_USD,M
2015-10-01,1647000000.0,1647.0,egypt,EGY,imf,https://api.imf.org/external/sdmx/2.1/data/ITG/EGY.XG.FOB_USD.M?detail=full&startPeriod=2000-01,EGY,XG,FOB_USD,M
2015-11-01,1657000000.0,1657.0,egypt,EGY,imf,https://api.imf.org/external/sdmx/2.1/data/ITG/EGY.XG.FOB_USD.M?detail=full&startPeriod=2000-01,EGY,XG,FOB_USD,M
2015-12-01,1995000000.0,1995.0,egypt,EGY,imf,https://api.imf.org/external/sdmx/2.1/data/ITG/EGY.XG.FOB_USD.M?detail=full&startPeriod=2000-01,EGY,XG,FOB_USD,M
2016-01-01,1373000000.0,1373.0,egypt,EGY,imf,https://api.imf.org/external/sdmx/2.1/data/ITG/EGY.XG.FOB_USD.M?detail=full&startPeriod=2000-01,EGY,XG,FOB_USD,M
2016-02-01,5255000000.0,5255.0,egypt,EGY,imf,https://api.imf.org/external/sdmx/2.1/data/ITG/EGY.XG.FOB_USD.M?detail=full&startPeriod=2000-01,EGY,XG,FOB_USD,M
2016-03-01,2004000000.0,2004.0,egypt,EGY,imf,https://api.imf.org/external/sdmx/2.1/data/ITG/EGY.XG.FOB_USD.M?detail=full&startPeriod=2000-01,EGY,XG,FOB_USD,M
2016-04-01,1889000000.0,1889.0,egypt,EGY,imf,https://api.imf.org/external/sdmx/2.1/data/ITG/EGY.XG.FOB_USD.M?detail=full&startPeriod=2000-01,EGY,XG,FOB_USD,M
2016-05-01,2079000000.0,2079.0,egypt,EGY,imf,https://api.imf.org/external/sdmx/2.1/data/ITG/EGY.XG.FOB_USD.M?detail=full&startPeriod=2000-01,EGY,XG,FOB_USD,M
2016-06-01,1950000000.0,1950.0,egypt,EGY,imf,https://api.imf.org/external/sdmx/2.1/data/ITG/EGY.XG.FOB_USD.M?detail=full&startPeriod=2000-01,EGY,XG,FOB_USD,M
2016-07-01,1754000000.0,1754.0,egypt,EGY,imf,https://api.imf.org/external/sdmx/2.1/data/ITG/EGY.XG.FOB_USD.M?detail=full&startPeriod=2000-01,EGY,XG,FOB_USD,M
2016-08-01,1899000000.0,1899.0,egypt,EGY,imf,https://api.imf.org/external/sdmx/2.1/data/ITG/EGY.XG.FOB_USD.M?detail=full&startPeriod=2000-01,EGY,XG,FOB_USD,M
2016-09-01,1558000000.0,1558.0,egypt,EGY,imf,https://api.imf.org/external/sdmx/2.1/data/ITG/EGY.XG.FOB_USD.M?detail=full&startPeriod=2000-01,EGY,XG,FOB_USD,M
2016-10-01,1845000000.0,1845.0,egypt,EGY,imf,https://api.imf.org/external/sdmx/2.1/data/ITG/EGY.XG.FOB_USD.M?detail=full&startPeriod=2000-01,EGY,XG,FOB_USD,M
2016-11-01,1852000000.0,1852.0,egypt,EGY,imf,https://api.imf.org/external/sdmx/2.1/data/ITG/EGY.XG.FOB_USD.M?detail=full&startPeriod=2000-01,EGY,XG,FOB_USD,M
2016-12-01,2010000000.0,2010.0,egypt,EGY,imf,https://api.imf.org/external/sdmx/2.1/data/ITG/EGY.XG.FOB_USD.M?detail=full&startPeriod=2000-01,EGY,XG,FOB_USD,M
2017-01-01,2009000000.0,2009.0,egypt,EGY,imf,https://api.imf.org/external/sdmx/2.1/data/ITG/EGY.XG.FOB_USD.M?detail=full&startPeriod=2000-01,EGY,XG,FOB_USD,M
2017-02-01,2050000000.0,2050.0,egypt,EGY,imf,https://api.imf.org/external/sdmx/2.1/data/ITG/EGY.XG.FOB_USD.M?detail=full&startPeriod=2000-01,EGY,XG,FOB_USD,M
2017-03-01,2365000000.0,2365.0,egypt,EGY,imf,https://api.imf.org/external/sdmx/2.1/data/ITG/EGY.XG.FOB_USD.M?detail=full&startPeriod=2000-01,EGY,XG,FOB_USD,M
2017-04-01,2185000000.0,2185.0,egypt,EGY,imf,https://api.imf.org/external/sdmx/2.1/data/ITG/EGY.XG.FOB_USD.M?detail=full&startPeriod=2000-01,EGY,XG,FOB_USD,M
2017-05-01,2260000000.0,2260.0,egypt,EGY,imf,https://api.imf.org/external/sdmx/2.1/data/ITG/EGY.XG.FOB_USD.M?detail=full&startPeriod=2000-01,EGY,XG,FOB_USD,M
2017-06-01,1879000000.0,1879.0,egypt,EGY,imf,https://api.imf.org/external/sdmx/2.1/data/ITG/EGY.XG.FOB_USD.M?detail=full&startPeriod=2000-01,EGY,XG,FOB_USD,M
2017-07-01,1921000000.0,1921.0,egypt,EGY,imf,https://api.imf.org/external/sdmx/2.1/data/ITG/EGY.XG.FOB_USD.M?detail=full&startPeriod=2000-01,EGY,XG,FOB_USD,M
2017-08-01,2170000000.0,2170.0,egypt,EGY,imf,https://api.imf.org/external/sdmx/2.1/data/ITG/EGY.XG.FOB_USD.M?detail=full&startPeriod=2000-01,EGY,XG,FOB_USD,M
2017-09-01,1825000000.0,1825.0,egypt,EGY,imf,https://api.imf.org/external/sdmx/2.1/data/ITG/EGY.XG.FOB_USD.M?detail=full&startPeriod=2000-01,EGY,XG,FOB_USD,M
2017-10-01,2243000000.0,2243.0,egypt,EGY,imf,https://api.imf.org/external/sdmx/2.1/data/ITG/EGY.XG.FOB_USD.M?detail=full&startPeriod=2000-01,EGY,XG,FOB_USD,M
2017-11-01,2228000000.0,2228.0,egypt,EGY,imf,https://api.imf.org/external/sdmx/2.1/data/ITG/EGY.XG.FOB_USD.M?detail=full&startPeriod=2000-01,EGY,XG,FOB_USD,M
2017-12-01,2469000000.0,2469.0,egypt,EGY,imf,https://api.imf.org/external/sdmx/2.1/data/ITG/EGY.XG.FOB_USD.M?detail=full&startPeriod=2000-01,EGY,XG,FOB_USD,M
2018-01-01,2147000000.0,2147.0,egypt,EGY,imf,https://api.imf.org/external/sdmx/2.1/data/ITG/EGY.XG.FOB_USD.M?detail=full&startPeriod=2000-01,EGY,XG,FOB_USD,M
2018-02-01,2307000000.0,2307.0,egypt,EGY,imf,https://api.imf.org/external/sdmx/2.1/data/ITG/EGY.XG.FOB_USD.M?detail=full&startPeriod=2000-01,EGY,XG,FOB_USD,M
2018-03-01,2472000000.0,2472.0,egypt,EGY,imf,https://api.imf.org/external/sdmx/2.1/data/ITG/EGY.XG.FOB_USD.M?detail=full&startPeriod=2000-01,EGY,XG,FOB_USD,M
2018-04-01,2263000000.0,2263.0,egypt,EGY,imf,https://api.imf.org/external/sdmx/2.1/data/ITG/EGY.XG.FOB_USD.M?detail=full&startPeriod=2000-01,EGY,XG,FOB_USD,M
2018-05-01,2478000000.0,2478.0,egypt,EGY,imf,https://api.imf.org/external/sdmx/2.1/data/ITG/EGY.XG.FOB_USD.M?detail=full&startPeriod=2000-01,EGY,XG,FOB_USD,M
2018-06-01,2098000000.0,2098.0,egypt,EGY,imf,https://api.imf.org/external/sdmx/2.1/data/ITG/EGY.XG.FOB_USD.M?detail=full&startPeriod=2000-01,EGY,XG,FOB_USD,M
2018-07-01,2235000000.0,2235.0,egypt,EGY,imf,https://api.imf.org/external/sdmx/2.1/data/ITG/EGY.XG.FOB_USD.M?detail=full&startPeriod=2000-01,EGY,XG,FOB_USD,M
2018-08-01,1984000000.0,1984.0,egypt,EGY,imf,https://api.imf.org/external/sdmx/2.1/data/ITG/EGY.XG.FOB_USD.M?detail=full&startPeriod=2000-01,EGY,XG,FOB_USD,M
2018-09-01,2315000000.0,2315.0,egypt,EGY,imf,https://api.imf.org/external/sdmx/2.1/data/ITG/EGY.XG.FOB_USD.M?detail=full&startPeriod=2000-01,EGY,XG,FOB_USD,M
2018-10-01,2425000000.0,2425.0,egypt,EGY,imf,https://api.imf.org/external/sdmx/2.1/data/ITG/EGY.XG.FOB_USD.M?detail=full&startPeriod=2000-01,EGY,XG,FOB_USD,M
2018-11-01,2330000000.0,2330.0,egypt,EGY,imf,https://api.imf.org/external/sdmx/2.1/data/ITG/EGY.XG.FOB_USD.M?detail=full&startPeriod=2000-01,EGY,XG,FOB_USD,M
2018-12-01,2570000000.0,2570.0,egypt,EGY,imf,https://api.imf.org/external/sdmx/2.1/data/ITG/EGY.XG.FOB_USD.M?detail=full&startPeriod=2000-01,EGY,XG,FOB_USD,M
2019-01-01,2338000000.0,2338.0,egypt,EGY,imf,https://api.imf.org/external/sdmx/2.1/data/ITG/EGY.XG.FOB_USD.M?detail=full&startPeriod=2000-01,EGY,XG,FOB_USD,M
2019-02-01,2490000000.0,2490.0,egypt,EGY,imf,https://api.imf.org/external/sdmx/2.1/data/ITG/EGY.XG.FOB_USD.M?detail=full&startPeriod=2000-01,EGY,XG,FOB_USD,M
2019-03-01,2585000000.0,2585.0,egypt,EGY,imf,https://api.imf.org/external/sdmx/2.1/data/ITG/EGY.XG.FOB_USD.M?detail=full&startPeriod=2000-01,EGY,XG,FOB_USD,M
2019-04-01,2588000000.0,2588.0,egypt,EGY,imf,https://api.imf.org/external/sdmx/2.1/data/ITG/EGY.XG.FOB_USD.M?detail=full&startPeriod=2000-01,EGY,XG,FOB_USD,M
2019-05-01,2687000000.0,2687.0,egypt,EGY,imf,https://api.imf.org/external/sdmx/2.1/data/ITG/EGY.XG.FOB_USD.M?detail=full&startPeriod=2000-01,EGY,XG,FOB_USD,M
2019-06-01,2304000000.0,2304.0,egypt,EGY,imf,https://api.imf.org/external/sdmx/2.1/data/ITG/EGY.XG.FOB_USD.M?detail=full&startPeriod=2000-01,EGY,XG,FOB_USD,M
2019-07-01,2218000000.0,2218.0,egypt,EGY,imf,https://api.imf.org/external/sdmx/2.1/data/ITG/EGY.XG.FOB_USD.M?detail=full&startPeriod=2000-01,EGY,XG,FOB_USD,M
2019-08-01,1976000000.0,1976.0,egypt,EGY,imf,https://api.imf.org/external/sdmx/2.1/data/ITG/EGY.XG.FOB_USD.M?detail=full&startPeriod=2000-01,EGY,XG,FOB_USD,M
2019-09-01,2396000000.0,2396.0,egypt,EGY,imf,https://api.imf.org/external/sdmx/2.1/data/ITG/EGY.XG.FOB_USD.M?detail=full&startPeriod=2000-01,EGY,XG,FOB_USD,M
2019-10-01,2400000000.0,2400.0,egypt,EGY,imf,https://api.imf.org/external/sdmx/2.1/data/ITG/EGY.XG.FOB_USD.M?detail=full&startPeriod=2000-01,EGY,XG,FOB_USD,M
2019-11-01,2397000000.0,2397.0,egypt,EGY,imf,https://api.imf.org/external/sdmx/2.1/data/ITG/EGY.XG.FOB_USD.M?detail=full&startPeriod=2000-01,EGY,XG,FOB_USD,M
2019-12-01,2620000000.0,2620.0,egypt,EGY,imf,https://api.imf.org/external/sdmx/2.1/data/ITG/EGY.XG.FOB_USD.M?detail=full&startPeriod=2000-01,EGY,XG,FOB_USD,M
2020-01-01,2488000000.0,2488.0,egypt,EGY,imf,https://api.imf.org/external/sdmx/2.1/data/ITG/EGY.XG.FOB_USD.M?detail=full&startPeriod=2000-01,EGY,XG,FOB_USD,M
2020-02-01,2684000000.0,2684.0,egypt,EGY,imf,https://api.imf.org/external/sdmx/2.1/data/ITG/EGY.XG.FOB_USD.M?detail=full&startPeriod=2000-01,EGY,XG,FOB_USD,M
2020-03-01,2230000000.0,2230.0,egypt,EGY,imf,https://api.imf.org/external/sdmx/2.1/data/ITG/EGY.XG.FOB_USD.M?detail=full&startPeriod=2000-01,EGY,XG,FOB_USD,M
2020-04-01,1842000000.0,1842.0,egypt,EGY,imf,https://api.imf.org/external/sdmx/2.1/data/ITG/EGY.XG.FOB_USD.M?detail=full&startPeriod=2000-01,EGY,XG,FOB_USD,M
2020-05-01,1567000000.0,1567.0,egypt,EGY,imf,https://api.imf.org/external/sdmx/2.1/data/ITG/EGY.XG.FOB_USD.M?detail=full&startPeriod=2000-01,EGY,XG,FOB_USD,M
2020-06-01,2224000000.0,2224.0,egypt,EGY,imf,https://api.imf.org/external/sdmx/2.1/data/ITG/EGY.XG.FOB_USD.M?detail=full&startPeriod=2000-01,EGY,XG,FOB_USD,M
2020-07-01,2167000000.0,2167.0,egypt,EGY,imf,https://api.imf.org/external/sdmx/2.1/data/ITG/EGY.XG.FOB_USD.M?detail=full&startPeriod=2000-01,EGY,XG,FOB_USD,M
2020-08-01,1923000000.0,1923.0,egypt,EGY,imf,https://api.imf.org/external/sdmx/2.1/data/ITG/EGY.XG.FOB_USD.M?detail=full&startPeriod=2000-01,EGY,XG,FOB_USD,M
2020-09-01,2321000000.0,2321.0,egypt,EGY,imf,https://api.imf.org/external/sdmx/2.1/data/ITG/EGY.XG.FOB_USD.M?detail=full&startPeriod=2000-01,EGY,XG,FOB_USD,M
2020-10-01,2603000000.0,2603.0,egypt,EGY,imf,https://api.imf.org/external/sdmx/2.1/data/ITG/EGY.XG.FOB_USD.M?detail=full&startPeriod=2000-01,EGY,XG,FOB_USD,M
2020-11-01,2209000000.0,2209.0,egypt,EGY,imf,https://api.imf.org/external/sdmx/2.1/data/ITG/EGY.XG.FOB_USD.M?detail=full&startPeriod=2000-01,EGY,XG,FOB_USD,M
2020-12-01,2820000000.0,2820.0,egypt,EGY,imf,https://api.imf.org/external/sdmx/2.1/data/ITG/EGY.XG.FOB_USD.M?detail=full&startPeriod=2000-01,EGY,XG,FOB_USD,M
2021-01-01,2560000000.0,2560.0,egypt,EGY,imf,https://api.imf.org/external/sdmx/2.1/data/ITG/EGY.XG.FOB_USD.M?detail=full&startPeriod=2000-01,EGY,XG,FOB_USD,M
2021-02-01,3014000000.0,3014.0,egypt,EGY,imf,https://api.imf.org/external/sdmx/2.1/data/ITG/EGY.XG.FOB_USD.M?detail=full&startPeriod=2000-01,EGY,XG,FOB_USD,M
2021-03-01,3464000000.0,3464.0,egypt,EGY,imf,https://api.imf.org/external/sdmx/2.1/data/ITG/EGY.XG.FOB_USD.M?detail=full&startPeriod=2000-01,EGY,XG,FOB_USD,M
2021-04-01,2932000000.0,2932.0,egypt,EGY,imf,https://api.imf.org/external/sdmx/2.1/data/ITG/EGY.XG.FOB_USD.M?detail=full&startPeriod=2000-01,EGY,XG,FOB_USD,M
2021-05-01,3156000000.0,3156.0,egypt,EGY,imf,https://api.imf.org/external/sdmx/2.1/data/ITG/EGY.XG.FOB_USD.M?detail=full&startPeriod=2000-01,EGY,XG,FOB_USD,M
2021-06-01,3687000000.0,3687.0,egypt,EGY,imf,https://api.imf.org/external/sdmx/2.1/data/ITG/EGY.XG.FOB_USD.M?detail=full&startPeriod=2000-01,EGY,XG,FOB_USD,M
2021-07-01,2973000000.0,2973.0,egypt,EGY,imf,https://api.imf.org/external/sdmx/2.1/data/ITG/EGY.XG.FOB_USD.M?detail=full&startPeriod=2000-01,EGY,XG,FOB_USD,M
2021-08-01,3294000000.0,3294.0,egypt,EGY,imf,https://api.imf.org/external/sdmx/2.1/data/ITG/EGY.XG.FOB_USD.M?detail=full&startPeriod=2000-01,EGY,XG,FOB_USD,M
2021-09-01,3488000000.0,3488.0,egypt,EGY,imf,https://api.imf.org/external/sdmx/2.1/data/ITG/EGY.XG.FOB_USD.M?detail=full&startPeriod=2000-01,EGY,XG,FOB_USD,M
2021-10-01,3862000000.0,3862.0,egypt,EGY,imf,https://api.imf.org/external/sdmx/2.1/data/ITG/EGY.XG.FOB_USD.M?detail=full&startPeriod=2000-01,EGY,XG,FOB_USD,M
2021-11-01,4568000000.0,4568.0,egypt,EGY,imf,https://api.imf.org/external/sdmx/2.1/data/ITG/EGY.XG.FOB_USD.M?detail=full&startPeriod=2000-01,EGY,XG,FOB_USD,M
2021-12-01,4312000000.0,4312.0,egypt,EGY,imf,https://api.imf.org/external/sdmx/2.1/data/ITG/EGY.XG.FOB_USD.M?detail=full&startPeriod=2000-01,EGY,XG,FOB_USD,M
2022-01-01,4140000000.0,4140.0,egypt,EGY,imf,https://api.imf.org/external/sdmx/2.1/data/ITG/EGY.XG.FOB_USD.M?detail=full&startPeriod=2000-01,EGY,XG,FOB_USD,M
2022-02-01,4450000000.0,4450.0,egypt,EGY,imf,https://api.imf.org/external/sdmx/2.1/data/ITG/EGY.XG.FOB_USD.M?detail=full&startPeriod=2000-01,EGY,XG,FOB_USD,M
2022-03-01,5395000000.0,5395.0,egypt,EGY,imf,https://api.imf.org/external/sdmx/2.1/data/ITG/EGY.XG.FOB_USD.M?detail=full&startPeriod=2000-01,EGY,XG,FOB_USD,M
2022-04-01,4765000000.0,4765.0,egypt,EGY,imf,https://api.imf.org/external/sdmx/2.1/data/ITG/EGY.XG.FOB_USD.M?detail=full&startPeriod=2000-01,EGY,XG,FOB_USD,M
2022-05-01,4045000000.0,4045.0,egypt,EGY,imf,https://api.imf.org/external/sdmx/2.1/data/ITG/EGY.XG.FOB_USD.M?detail=full&startPeriod=2000-01,EGY,XG,FOB_USD,M
2022-06-01,4063000000.0,4063.0,egypt,EGY,imf,https://api.imf.org/external/sdmx/2.1/data/ITG/EGY.XG.FOB_USD.M?detail=full&startPeriod=2000-01,EGY,XG,FOB_USD,M
2022-07-01,3713000000.0,3713.0,egypt,EGY,imf,https://api.imf.org/external/sdmx/2.1/data/ITG/EGY.XG.FOB_USD.M?detail=full&startPeriod=2000-01,EGY,XG,FOB_USD,M
2022-08-01,3609000000.0,3609.0,egypt,EGY,imf,https://api.imf.org/external/sdmx/2.1/data/ITG/EGY.XG.FOB_USD.M?detail=full&startPeriod=2000-01,EGY,XG,FOB_USD,M
2022-09-01,4399000000.0,4399.0,egypt,EGY,imf,https://api.imf.org/external/sdmx/2.1/data/ITG/EGY.XG.FOB_USD.M?detail=full&startPeriod=2000-01,EGY,XG,FOB_USD,M
2022-10-01,4029000000.0,4029.0,egypt,EGY,imf,https://api.imf.org/external/sdmx/2.1/data/ITG/EGY.XG.FOB_USD.M?detail=full&startPeriod=2000-01,EGY,XG,FOB_USD,M
2022-11-01,4163000000.0,4163.0,egypt,EGY,imf,https://api.imf.org/external/sdmx/2.1/data/ITG/EGY.XG.FOB_USD.M?detail=full&startPeriod=2000-01,EGY,XG,FOB_USD,M
2022-12-01,4508000000.0,4508.0,egypt,EGY,imf,https://api.imf.org/external/sdmx/2.1/data/ITG/EGY.XG.FOB_USD.M?detail=full&startPeriod=2000-01,EGY,XG,FOB_USD,M
2023-01-01,4131000000.0,4131.0,egypt,EGY,imf,https://api.imf.org/external/sdmx/2.1/data/ITG/EGY.XG.FOB_USD.M?detail=full&startPeriod=2000-01,EGY,XG,FOB_USD,M
2023-02-01,3533000000.0,3533.0,egypt,EGY,imf,https://api.imf.org/external/sdmx/2.1/data/ITG/EGY.XG.FOB_USD.M?detail=full&startPeriod=2000-01,EGY,XG,FOB_USD,M
2023-03-01,3997000000.0,3997.0,egypt,EGY,imf,https://api.imf.org/external/sdmx/2.1/data/ITG/EGY.XG.FOB_USD.M?detail=full&startPeriod=2000-01,EGY,XG,FOB_USD,M
2023-04-01,3234000000.0,3234.0,egypt,EGY,imf,https://api.imf.org/external/sdmx/2.1/data/ITG/EGY.XG.FOB_USD.M?detail=full&startPeriod=2000-01,EGY,XG,FOB_USD,M
2023-05-01,3782000000.0,3782.0,egypt,EGY,imf,https://api.imf.org/external/sdmx/2.1/data/ITG/EGY.XG.FOB_USD.M?detail=full&startPeriod=2000-01,EGY,XG,FOB_USD,M
2023-06-01,3169000000.0,3169.0,egypt,EGY,imf,https://api.imf.org/external/sdmx/2.1/data/ITG/EGY.XG.FOB_USD.M?detail=full&startPeriod=2000-01,EGY,XG,FOB_USD,M
2023-07-01,3188000000.0,3188.0,egypt,EGY,imf,https://api.imf.org/external/sdmx/2.1/data/ITG/EGY.XG.FOB_USD.M?detail=full&startPeriod=2000-01,EGY,XG,FOB_USD,M
2023-08-01,3687000000.0,3687.0,egypt,EGY,imf,https://api.imf.org/external/sdmx/2.1/data/ITG/EGY.XG.FOB_USD.M?detail=full&startPeriod=2000-01,EGY,XG,FOB_USD,M
2023-09-01,3134000000.0,3134.0,egypt,EGY,imf,https://api.imf.org/external/sdmx/2.1/data/ITG/EGY.XG.FOB_USD.M?detail=full&startPeriod=2000-01,EGY,XG,FOB_USD,M
2023-10-01,3401000000.0,3401.0,egypt,EGY,imf,https://api.imf.org/external/sdmx/2.1/data/ITG/EGY.XG.FOB_USD.M?detail=full&startPeriod=2000-01,EGY,XG,FOB_USD,M
2023-11-01,3327000000.0,3327.0,egypt,EGY,imf,https://api.imf.org/external/sdmx/2.1/data/ITG/EGY.XG.FOB_USD.M?detail=full&startPeriod=2000-01,EGY,XG,FOB_USD,M
2023-12-01,3498000000.0,3498.0,egypt,EGY,imf,https://api.imf.org/external/sdmx/2.1/data/ITG/EGY.XG.FOB_USD.M?detail=full&startPeriod=2000-01,EGY,XG,FOB_USD,M
2024-01-01,3576000000.0,3576.0,egypt,EGY,imf,https://api.imf.org/external/sdmx/2.1/data/ITG/EGY.XG.FOB_USD.M?detail=full&startPeriod=2000-01,EGY,XG,FOB_USD,M
2024-02-01,3581000000.0,3581.0,egypt,EGY,imf,https://api.imf.org/external/sdmx/2.1/data/ITG/EGY.XG.FOB_USD.M?detail=full&startPeriod=2000-01,EGY,XG,FOB_USD,M
2024-03-01,2690000000.0,2690.0,egypt,EGY,imf,https://api.imf.org/external/sdmx/2.1/data/ITG/EGY.XG.FOB_USD.M?detail=full&startPeriod=2000-01,EGY,XG,FOB_USD,M
2024-04-01,3283000000.0,3283.0,egypt,EGY,imf,https://api.imf.org/external/sdmx/2.1/data/ITG/EGY.XG.FOB_USD.M?detail=full&startPeriod=2000-01,EGY,XG,FOB_USD,M
2024-05-01,3806000000.0,3806.0,egypt,EGY,imf,https://api.imf.org/external/sdmx/2.1/data/ITG/EGY.XG.FOB_USD.M?detail=full&startPeriod=2000-01,EGY,XG,FOB_USD,M
2024-06-01,3145000000.0,3145.0,egypt,EGY,imf,https://api.imf.org/external/sdmx/2.1/data/ITG/EGY.XG.FOB_USD.M?detail=full&startPeriod=2000-01,EGY,XG,FOB_USD,M
2024-07-01,3611000000.0,3611.0,egypt,EGY,imf,https://api.imf.org/external/sdmx/2.1/data/ITG/EGY.XG.FOB_USD.M?detail=full&startPeriod=2000-01,EGY,XG,FOB_USD,M
2024-08-01,3410000000.0,3410.0,egypt,EGY,imf,https://api.imf.org/external/sdmx/2.1/data/ITG/EGY.XG.FOB_USD.M?detail=full&startPeriod=2000-01,EGY,XG,FOB_USD,M
2024-09-01,3636000000.0,3636.0,egypt,EGY,imf,https://api.imf.org/external/sdmx/2.1/data/ITG/EGY.XG.FOB_USD.M?detail=full&startPeriod=2000-01,EGY,XG,FOB_USD,M
2024-10-01,4083000000.0,4083.0,egypt,EGY,imf,https://api.imf.org/external/sdmx/2.1/data/ITG/EGY.XG.FOB_USD.M?detail=full&startPeriod=2000-01,EGY,XG,FOB_USD,M
2024-11-01,3555000000.0,3555.0,egypt,EGY,imf,https://api.imf.org/external/sdmx/2.1/data/ITG/EGY.XG.FOB_USD.M?detail=full&startPeriod=2000-01,EGY,XG,FOB_USD,M
2024-12-01,3870000000.0,3870.0,egypt,EGY,imf,https://api.imf.org/external/sdmx/2.1/data/ITG/EGY.XG.FOB_USD.M?detail=full&startPeriod=2000-01,EGY,XG,FOB_USD,M
2025-01-01,4357000000.0,4357.0,egypt,EGY,imf,https://api.imf.org/external/sdmx/2.1/data/ITG/EGY.XG.FOB_USD.M?detail=full&startPeriod=2000-01,EGY,XG,FOB_USD,M
2025-02-01,4636000000.0,4636.0,egypt,EGY,imf,https://api.imf.org/external/sdmx/2.1/data/ITG/EGY.XG.FOB_USD.M?detail=full&startPeriod=2000-01,EGY,XG,FOB_USD,M
2025-03-01,4619000000.0,4619.0,egypt,EGY,imf,https://api.imf.org/external/sdmx/2.1/data/ITG/EGY.XG.FOB_USD.M?detail=full&startPeriod=2000-01,EGY,XG,FOB_USD,M
2025-04-01,4131000000.0,4131.0,egypt,EGY,imf,https://api.imf.org/external/sdmx/2.1/data/ITG/EGY.XG.FOB_USD.M?detail=full&startPeriod=2000-01,EGY,XG,FOB_USD,M
2025-05-01,4279000000.0,4279.0,egypt,EGY,imf,https://api.imf.org/external/sdmx/2.1/data/ITG/EGY.XG.FOB_USD.M?detail=full&startPeriod=2000-01,EGY,XG,FOB_USD,M
2025-06-01,3542000000.0,3542.0,egypt,EGY,imf,https://api.imf.org/external/sdmx/2.1/data/ITG/EGY.XG.FOB_USD.M?detail=full&startPeriod=2000-01,EGY,XG,FOB_USD,M
2025-07-01,3763000000.0,3763.0,egypt,EGY,imf,https://api.imf.org/external/sdmx/2.1/data/ITG/EGY.XG.FOB_USD.M?detail=full&startPeriod=2000-01,EGY,XG,FOB_USD,M
2025-08-01,3960000000.0,3960.0,egypt,EGY,imf,https://api.imf.org/external/sdmx/2.1/data/ITG/EGY.XG.FOB_USD.M?detail=full&startPeriod=2000-01,EGY,XG,FOB_USD,M
2025-09-01,4945000000.0,4945.0,egypt,EGY,imf,https://api.imf.org/external/sdmx/2.1/data/ITG/EGY.XG.FOB_USD.M?detail=full&startPeriod=2000-01,EGY,XG,FOB_USD,M
2025-10-01,4631000000.0,4631.0,egypt,EGY,imf,https://api.imf.org/external/sdmx/2.1/data/ITG/EGY.XG.FOB_USD.M?detail=full&startPeriod=2000-01,EGY,XG,FOB_USD,M
